model,training_strategy,pooling,sampling_ratio,negative_strategy,loss,learning_rate,trainable_parameters,total_parameters,seed,dev_PR_AUC,dev_average_precision,calibration_PR_AUC,test_PR_AUC,test_precision,test_recall,test_F1,FP_per_million,training_time,peak_memory,experiment_id,stage,status,config_json
LAMAR,frozen,mean,10,random,bce,0.0001,2305,85854098,42,0.2581055933329502,0.2616170450522787,,,,,,,457.2624008655548,1172078080.0,s1_frozen_mean,stage1_frozen,SUCCESS,"{""accumulation_steps"": 2, ""backbone_lr"": 1e-05, ""batch_size"": 16, ""epochs"": 20, ""eval_batch_size"": 128, ""experiment_id"": ""s1_frozen_mean"", ""fp16"": true, ""head_dropout"": 0.1, ""head_lr"": 0.0001, ""loss"": ""bce"", ""mode"": ""frozen"", ""negative_strategy"": ""random"", ""patience"": 3, ""pooling"": ""mean"", ""sampling_ratio"": 10, ""seed"": 42, ""stage"": ""stage1_frozen"", ""warmup_ratio"": 0.03, ""weight_decay"": 0.01}"
LAMAR,frozen,center,10,random,bce,0.0001,2305,85854098,42,0.684960898535729,0.6859885628873351,,,,,,,570.7333073616028,1172078080.0,s1_frozen_center,stage1_frozen,SUCCESS,"{""accumulation_steps"": 2, ""backbone_lr"": 1e-05, ""batch_size"": 16, ""epochs"": 20, ""eval_batch_size"": 128, ""experiment_id"": ""s1_frozen_center"", ""fp16"": true, ""head_dropout"": 0.1, ""head_lr"": 0.0001, ""loss"": ""bce"", ""mode"": ""frozen"", ""negative_strategy"": ""random"", ""patience"": 3, ""pooling"": ""center"", ""sampling_ratio"": 10, ""seed"": 42, ""stage"": ""stage1_frozen"", ""warmup_ratio"": 0.03, ""weight_decay"": 0.01}"
LAMAR,frozen,attention,10,random,bce,0.0001,3073,85854866,42,0.2809720994887936,0.2861644205835296,,,,,,,519.0292475223541,1172087296.0,s1_frozen_attention,stage1_frozen,SUCCESS,"{""accumulation_steps"": 2, ""backbone_lr"": 1e-05, ""batch_size"": 16, ""epochs"": 20, ""eval_batch_size"": 128, ""experiment_id"": ""s1_frozen_attention"", ""fp16"": true, ""head_dropout"": 0.1, ""head_lr"": 0.0001, ""loss"": ""bce"", ""mode"": ""frozen"", ""negative_strategy"": ""random"", ""patience"": 3, ""pooling"": ""attention"", ""sampling_ratio"": 10, ""seed"": 42, ""stage"": ""stage1_frozen"", ""warmup_ratio"": 0.03, ""weight_decay"": 0.01}"
LAMAR,partial,center,10,random,bce,0.0001,7091713,85854098,42,0.7454028599160379,0.7463897629254214,,,,,,,261.39082503318787,1228482048.0,s1_partial_u1,stage1_structure,SUCCESS,"{""accumulation_steps"": 2, ""backbone_lr"": 1e-05, ""batch_size"": 16, ""epochs"": 20, ""eval_batch_size"": 128, ""experiment_id"": ""s1_partial_u1"", ""fp16"": true, ""head_dropout"": 0.1, ""head_lr"": 0.0001, ""loss"": ""bce"", ""mode"": ""partial"", ""negative_strategy"": ""random"", ""patience"": 3, ""pooling"": ""center"", ""sampling_ratio"": 10, ""seed"": 42, ""stage"": ""stage1_structure"", ""unfreeze"": 1, ""warmup_ratio"": 0.03, ""weight_decay"": 0.01}"
LAMAR,partial,center,10,random,bce,0.0001,14179585,85854098,42,0.7749070068096201,0.7759295749224606,,,,,,,308.17607259750366,1285668352.0,s1_partial_u2,stage1_structure,SUCCESS,"{""accumulation_steps"": 2, ""backbone_lr"": 1e-05, ""batch_size"": 16, ""epochs"": 20, ""eval_batch_size"": 128, ""experiment_id"": ""s1_partial_u2"", ""fp16"": true, ""head_dropout"": 0.1, ""head_lr"": 0.0001, ""loss"": ""bce"", ""mode"": ""partial"", ""negative_strategy"": ""random"", ""patience"": 3, ""pooling"": ""center"", ""sampling_ratio"": 10, ""seed"": 42, ""stage"": ""stage1_structure"", ""unfreeze"": 2, ""warmup_ratio"": 0.03, ""weight_decay"": 0.01}"
LAMAR,partial,center,10,random,bce,0.0001,28355329,85854098,42,0.753836697216051,0.7551498480899754,,,,,,,395.4697723388672,1400106496.0,s1_partial_u4,stage1_structure,SUCCESS,"{""accumulation_steps"": 2, ""backbone_lr"": 1e-05, ""batch_size"": 16, ""epochs"": 20, ""eval_batch_size"": 128, ""experiment_id"": ""s1_partial_u4"", ""fp16"": true, ""head_dropout"": 0.1, ""head_lr"": 0.0001, ""loss"": ""bce"", ""mode"": ""partial"", ""negative_strategy"": ""random"", ""patience"": 3, ""pooling"": ""center"", ""sampling_ratio"": 10, ""seed"": 42, ""stage"": ""stage1_structure"", ""unfreeze"": 4, ""warmup_ratio"": 0.03, ""weight_decay"": 0.01}"
LAMAR,lora,center,10,random,bce,0.0001,297217,86149010,42,0.8065167887802922,0.8070585171766302,,,,,,,680.7259287834167,1438978560.0,s1_lora_qv,stage1_structure,SUCCESS,"{""accumulation_steps"": 2, ""backbone_lr"": 1e-05, ""batch_size"": 16, ""epochs"": 20, ""eval_batch_size"": 128, ""experiment_id"": ""s1_lora_qv"", ""fp16"": true, ""head_dropout"": 0.1, ""head_lr"": 0.0001, ""lora_dropout"": 0.05, ""lora_rank"": 8, ""lora_scheme"": ""qv"", ""loss"": ""bce"", ""mode"": ""lora"", ""negative_strategy"": ""random"", ""patience"": 3, ""pooling"": ""center"", ""sampling_ratio"": 10, ""seed"": 42, ""stage"": ""stage1_structure"", ""warmup_ratio"": 0.03, ""weight_decay"": 0.01}"
LAMAR,lora,center,10,random,bce,0.0001,592129,86443922,42,0.8167900126502327,0.817341411529998,,,,,,,771.8897144794464,1540013568.0,s1_lora_qkvo,stage1_structure,SUCCESS,"{""accumulation_steps"": 2, ""backbone_lr"": 1e-05, ""batch_size"": 16, ""epochs"": 20, ""eval_batch_size"": 128, ""experiment_id"": ""s1_lora_qkvo"", ""fp16"": true, ""head_dropout"": 0.1, ""head_lr"": 0.0001, ""lora_dropout"": 0.05, ""lora_rank"": 8, ""lora_scheme"": ""qkvo"", ""loss"": ""bce"", ""mode"": ""lora"", ""negative_strategy"": ""random"", ""patience"": 3, ""pooling"": ""center"", ""sampling_ratio"": 10, ""seed"": 42, ""stage"": ""stage1_structure"", ""warmup_ratio"": 0.03, ""weight_decay"": 0.01}"
LAMAR,lora,center,10,random,bce,0.0001,1329409,87181202,42,0.8095860567355774,0.8101226910308404,,,,,,,858.9038462638855,1775653376.0,s1_lora_attention_mlp,stage1_structure,SUCCESS,"{""accumulation_steps"": 2, ""backbone_lr"": 1e-05, ""batch_size"": 16, ""epochs"": 20, ""eval_batch_size"": 128, ""experiment_id"": ""s1_lora_attention_mlp"", ""fp16"": true, ""head_dropout"": 0.1, ""head_lr"": 0.0001, ""lora_dropout"": 0.05, ""lora_rank"": 8, ""lora_scheme"": ""attention_mlp"", ""loss"": ""bce"", ""mode"": ""lora"", ""negative_strategy"": ""random"", ""patience"": 3, ""pooling"": ""center"", ""sampling_ratio"": 10, ""seed"": 42, ""stage"": ""stage1_structure"", ""warmup_ratio"": 0.03, ""weight_decay"": 0.01}"
LAMAR,full,center,10,random,bce,0.0001,85854098,85854098,42,0.7986052226473053,0.7990661424959914,,,,,,,2670.512831926346,2069124096.0,s1_full,stage1_structure,SUCCESS,"{""accumulation_steps"": 8, ""backbone_lr"": 1e-05, ""batch_size"": 4, ""epochs"": 20, ""eval_batch_size"": 128, ""experiment_id"": ""s1_full"", ""fp16"": true, ""gradient_checkpointing"": true, ""head_dropout"": 0.1, ""head_lr"": 0.0001, ""loss"": ""bce"", ""mode"": ""full"", ""negative_strategy"": ""random"", ""patience"": 3, ""pooling"": ""center"", ""sampling_ratio"": 10, ""seed"": 42, ""stage"": ""stage1_structure"", ""warmup_ratio"": 0.03, ""weight_decay"": 0.01}"
LAMAR,lora,center,10,random,bce,1e-05,592129,86443922,42,0.7733812195170165,0.7741966492145018,,,,,,,2014.9475047588348,1540013568.0,s2_lr_1e-05,stage2_lr,SUCCESS,"{""accumulation_steps"": 2, ""backbone_lr"": 1.0000000000000002e-06, ""batch_size"": 16, ""epochs"": 20, ""eval_batch_size"": 128, ""experiment_id"": ""s2_lr_1e-05"", ""fp16"": true, ""head_dropout"": 0.1, ""head_lr"": 1e-05, ""lora_dropout"": 0.05, ""lora_rank"": 8, ""lora_scheme"": ""qkvo"", ""loss"": ""bce"", ""mode"": ""lora"", ""negative_strategy"": ""random"", ""patience"": 3, ""pooling"": ""center"", ""sampling_ratio"": 10, ""seed"": 42, ""stage"": ""stage2_lr"", ""warmup_ratio"": 0.03, ""weight_decay"": 0.01}"
LAMAR,lora,center,10,random,bce,3e-05,592129,86443922,42,0.7932277827767831,0.7941121761923714,,,,,,,766.7632954120636,1540013568.0,s2_lr_3e-05,stage2_lr,SUCCESS,"{""accumulation_steps"": 2, ""backbone_lr"": 3e-06, ""batch_size"": 16, ""epochs"": 20, ""eval_batch_size"": 128, ""experiment_id"": ""s2_lr_3e-05"", ""fp16"": true, ""head_dropout"": 0.1, ""head_lr"": 3e-05, ""lora_dropout"": 0.05, ""lora_rank"": 8, ""lora_scheme"": ""qkvo"", ""loss"": ""bce"", ""mode"": ""lora"", ""negative_strategy"": ""random"", ""patience"": 3, ""pooling"": ""center"", ""sampling_ratio"": 10, ""seed"": 42, ""stage"": ""stage2_lr"", ""warmup_ratio"": 0.03, ""weight_decay"": 0.01}"
LAMAR,lora,center,10,random,bce,0.0001,592129,86443922,42,0.8167900126502327,0.817341411529998,,,,,,,819.5520598888397,1540013568.0,s2_lr_0p0001,stage2_lr,SUCCESS,"{""accumulation_steps"": 2, ""backbone_lr"": 1e-05, ""batch_size"": 16, ""epochs"": 20, ""eval_batch_size"": 128, ""experiment_id"": ""s2_lr_0p0001"", ""fp16"": true, ""head_dropout"": 0.1, ""head_lr"": 0.0001, ""lora_dropout"": 0.05, ""lora_rank"": 8, ""lora_scheme"": ""qkvo"", ""loss"": ""bce"", ""mode"": ""lora"", ""negative_strategy"": ""random"", ""patience"": 3, ""pooling"": ""center"", ""sampling_ratio"": 10, ""seed"": 42, ""stage"": ""stage2_lr"", ""warmup_ratio"": 0.03, ""weight_decay"": 0.01}"
LAMAR,lora,center,1,random,bce,0.0001,592129,86443922,42,0.7907305217579088,0.7913361010591006,,,,,,,350.70776414871216,1540013568.0,s3_ratio_1,stage3_sampling,SUCCESS,"{""accumulation_steps"": 2, ""backbone_lr"": 1e-05, ""batch_size"": 16, ""epochs"": 20, ""eval_batch_size"": 128, ""experiment_id"": ""s3_ratio_1"", ""fp16"": true, ""head_dropout"": 0.1, ""head_lr"": 0.0001, ""lora_dropout"": 0.05, ""lora_rank"": 8, ""lora_scheme"": ""qkvo"", ""loss"": ""bce"", ""mode"": ""lora"", ""negative_strategy"": ""random"", ""patience"": 3, ""pooling"": ""center"", ""sampling_ratio"": 1, ""seed"": 42, ""stage"": ""stage3_sampling"", ""warmup_ratio"": 0.03, ""weight_decay"": 0.01}"
LAMAR,lora,center,5,random,bce,0.0001,592129,86443922,42,0.7900519943390724,0.7906121151632284,,,,,,,633.8586730957031,1540013568.0,s3_ratio_5,stage3_sampling,SUCCESS,"{""accumulation_steps"": 2, ""backbone_lr"": 1e-05, ""batch_size"": 16, ""epochs"": 20, ""eval_batch_size"": 128, ""experiment_id"": ""s3_ratio_5"", ""fp16"": true, ""head_dropout"": 0.1, ""head_lr"": 0.0001, ""lora_dropout"": 0.05, ""lora_rank"": 8, ""lora_scheme"": ""qkvo"", ""loss"": ""bce"", ""mode"": ""lora"", ""negative_strategy"": ""random"", ""patience"": 3, ""pooling"": ""center"", ""sampling_ratio"": 5, ""seed"": 42, ""stage"": ""stage3_sampling"", ""warmup_ratio"": 0.03, ""weight_decay"": 0.01}"
LAMAR,lora,center,10,random,bce,0.0001,592129,86443922,42,0.8167900126502327,0.817341411529998,,,,,,,781.510758638382,1540013568.0,s3_ratio_10,stage3_sampling,SUCCESS,"{""accumulation_steps"": 2, ""backbone_lr"": 1e-05, ""batch_size"": 16, ""epochs"": 20, ""eval_batch_size"": 128, ""experiment_id"": ""s3_ratio_10"", ""fp16"": true, ""head_dropout"": 0.1, ""head_lr"": 0.0001, ""lora_dropout"": 0.05, ""lora_rank"": 8, ""lora_scheme"": ""qkvo"", ""loss"": ""bce"", ""mode"": ""lora"", ""negative_strategy"": ""random"", ""patience"": 3, ""pooling"": ""center"", ""sampling_ratio"": 10, ""seed"": 42, ""stage"": ""stage3_sampling"", ""warmup_ratio"": 0.03, ""weight_decay"": 0.01}"
LAMAR,lora,center,20,random,bce,0.0001,592129,86443922,42,0.8005362985560611,0.8014345574101072,,,,,,,1274.827553510666,1540013568.0,s3_ratio_20,stage3_sampling,SUCCESS,"{""accumulation_steps"": 2, ""backbone_lr"": 1e-05, ""batch_size"": 16, ""epochs"": 20, ""eval_batch_size"": 128, ""experiment_id"": ""s3_ratio_20"", ""fp16"": true, ""head_dropout"": 0.1, ""head_lr"": 0.0001, ""lora_dropout"": 0.05, ""lora_rank"": 8, ""lora_scheme"": ""qkvo"", ""loss"": ""bce"", ""mode"": ""lora"", ""negative_strategy"": ""random"", ""patience"": 3, ""pooling"": ""center"", ""sampling_ratio"": 20, ""seed"": 42, ""stage"": ""stage3_sampling"", ""warmup_ratio"": 0.03, ""weight_decay"": 0.01}"
LAMAR,lora,center,20,dynamic_full,bce,0.0001,592129,86443922,42,0.8025208180416138,0.8032794879325377,,,,,,,1457.0042412281036,1540013568.0,s3_dynamic_full,stage3_sampling,SUCCESS,"{""accumulation_steps"": 2, ""backbone_lr"": 1e-05, ""batch_size"": 16, ""epochs"": 20, ""eval_batch_size"": 128, ""experiment_id"": ""s3_dynamic_full"", ""fp16"": true, ""head_dropout"": 0.1, ""head_lr"": 0.0001, ""lora_dropout"": 0.05, ""lora_rank"": 8, ""lora_scheme"": ""qkvo"", ""loss"": ""bce"", ""mode"": ""lora"", ""negative_strategy"": ""dynamic_full"", ""patience"": 3, ""pooling"": ""center"", ""sampling_ratio"": 20, ""seed"": 42, ""stage"": ""stage3_sampling"", ""warmup_ratio"": 0.03, ""weight_decay"": 0.01}"
LAMAR,lora,center,10,random,bce,0.0001,592129,86443922,42,0.8167900126502327,0.817341411529998,,,,,,,777.2419576644897,1540013568.0,s4_negative_random,stage4_negative,SUCCESS,"{""accumulation_steps"": 2, ""backbone_lr"": 1e-05, ""batch_size"": 16, ""epochs"": 20, ""eval_batch_size"": 128, ""experiment_id"": ""s4_negative_random"", ""fp16"": true, ""head_dropout"": 0.1, ""head_lr"": 0.0001, ""lora_dropout"": 0.05, ""lora_rank"": 8, ""lora_scheme"": ""qkvo"", ""loss"": ""bce"", ""mode"": ""lora"", ""negative_strategy"": ""random"", ""patience"": 3, ""pooling"": ""center"", ""sampling_ratio"": 10, ""seed"": 42, ""stage"": ""stage4_negative"", ""warmup_ratio"": 0.03, ""weight_decay"": 0.01}"
LAMAR,lora,center,10,matched,bce,0.0001,592129,86443922,42,0.5562719528391419,0.5581568963508033,,,,,,,776.1852986812592,1540013568.0,s4_negative_matched,stage4_negative,SUCCESS,"{""accumulation_steps"": 2, ""backbone_lr"": 1e-05, ""batch_size"": 16, ""epochs"": 20, ""eval_batch_size"": 128, ""experiment_id"": ""s4_negative_matched"", ""fp16"": true, ""head_dropout"": 0.1, ""head_lr"": 0.0001, ""lora_dropout"": 0.05, ""lora_rank"": 8, ""lora_scheme"": ""qkvo"", ""loss"": ""bce"", ""mode"": ""lora"", ""negative_strategy"": ""matched"", ""patience"": 3, ""pooling"": ""center"", ""sampling_ratio"": 10, ""seed"": 42, ""stage"": ""stage4_negative"", ""warmup_ratio"": 0.03, ""weight_decay"": 0.01}"
LAMAR,lora,center,10,hard,bce,0.0001,592129,86443922,42,0.7824762453799878,0.783378787161399,,,,,,,767.3861844539642,1540013568.0,s4_negative_hard,stage4_negative,SUCCESS,"{""accumulation_steps"": 2, ""backbone_lr"": 1e-05, ""batch_size"": 16, ""epochs"": 20, ""eval_batch_size"": 128, ""experiment_id"": ""s4_negative_hard"", ""fp16"": true, ""head_dropout"": 0.1, ""head_lr"": 0.0001, ""lora_dropout"": 0.05, ""lora_rank"": 8, ""lora_scheme"": ""qkvo"", ""loss"": ""bce"", ""mode"": ""lora"", ""negative_strategy"": ""hard"", ""patience"": 3, ""pooling"": ""center"", ""sampling_ratio"": 10, ""seed"": 42, ""stage"": ""stage4_negative"", ""warmup_ratio"": 0.03, ""weight_decay"": 0.01}"
LAMAR,lora,center,10,mixed,bce,0.0001,592129,86443922,42,0.7830785480008241,0.7837597636982317,,,,,,,780.6963784694672,1540013568.0,s4_negative_mixed,stage4_negative,SUCCESS,"{""accumulation_steps"": 2, ""backbone_lr"": 1e-05, ""batch_size"": 16, ""epochs"": 20, ""eval_batch_size"": 128, ""experiment_id"": ""s4_negative_mixed"", ""fp16"": true, ""head_dropout"": 0.1, ""head_lr"": 0.0001, ""lora_dropout"": 0.05, ""lora_rank"": 8, ""lora_scheme"": ""qkvo"", ""loss"": ""bce"", ""mode"": ""lora"", ""negative_strategy"": ""mixed"", ""patience"": 3, ""pooling"": ""center"", ""sampling_ratio"": 10, ""seed"": 42, ""stage"": ""stage4_negative"", ""warmup_ratio"": 0.03, ""weight_decay"": 0.01}"
LAMAR,lora,center,10,random,bce,0.0001,592129,86443922,42,0.8167900126502327,0.817341411529998,,,,,,,772.5292770862579,1540013568.0,s5_loss_bce,stage5_loss,SUCCESS,"{""accumulation_steps"": 2, ""backbone_lr"": 1e-05, ""batch_size"": 16, ""epochs"": 20, ""eval_batch_size"": 128, ""experiment_id"": ""s5_loss_bce"", ""fp16"": true, ""head_dropout"": 0.1, ""head_lr"": 0.0001, ""lora_dropout"": 0.05, ""lora_rank"": 8, ""lora_scheme"": ""qkvo"", ""loss"": ""bce"", ""mode"": ""lora"", ""negative_strategy"": ""random"", ""patience"": 3, ""pooling"": ""center"", ""sampling_ratio"": 10, ""seed"": 42, ""stage"": ""stage5_loss"", ""warmup_ratio"": 0.03, ""weight_decay"": 0.01}"
LAMAR,lora,center,10,random,weighted_bce,0.0001,592129,86443922,42,0.8139648384111554,0.8146094475273011,,,,,,,780.1044549942017,1540013568.0,s5_loss_weighted_bce,stage5_loss,SUCCESS,"{""accumulation_steps"": 2, ""backbone_lr"": 1e-05, ""batch_size"": 16, ""epochs"": 20, ""eval_batch_size"": 128, ""experiment_id"": ""s5_loss_weighted_bce"", ""fp16"": true, ""head_dropout"": 0.1, ""head_lr"": 0.0001, ""lora_dropout"": 0.05, ""lora_rank"": 8, ""lora_scheme"": ""qkvo"", ""loss"": ""weighted_bce"", ""mode"": ""lora"", ""negative_strategy"": ""random"", ""patience"": 3, ""pooling"": ""center"", ""sampling_ratio"": 10, ""seed"": 42, ""stage"": ""stage5_loss"", ""warmup_ratio"": 0.03, ""weight_decay"": 0.01}"
LAMAR,lora,center,10,random,focal,0.0001,592129,86443922,42,0.7982401002495337,0.7988811082851219,,,,,,,911.5474979877472,1540013568.0,s5_loss_focal1,stage5_loss,SUCCESS,"{""accumulation_steps"": 2, ""backbone_lr"": 1e-05, ""batch_size"": 16, ""epochs"": 20, ""eval_batch_size"": 128, ""experiment_id"": ""s5_loss_focal1"", ""focal_gamma"": 1, ""fp16"": true, ""head_dropout"": 0.1, ""head_lr"": 0.0001, ""lora_dropout"": 0.05, ""lora_rank"": 8, ""lora_scheme"": ""qkvo"", ""loss"": ""focal"", ""mode"": ""lora"", ""negative_strategy"": ""random"", ""patience"": 3, ""pooling"": ""center"", ""sampling_ratio"": 10, ""seed"": 42, ""stage"": ""stage5_loss"", ""warmup_ratio"": 0.03, ""weight_decay"": 0.01}"
LAMAR,lora,center,10,random,focal,0.0001,592129,86443922,42,0.8087728713647048,0.8092906709777066,,,,,,,761.2898888587952,1540013568.0,s5_loss_focal2,stage5_loss,SUCCESS,"{""accumulation_steps"": 2, ""backbone_lr"": 1e-05, ""batch_size"": 16, ""epochs"": 20, ""eval_batch_size"": 128, ""experiment_id"": ""s5_loss_focal2"", ""focal_gamma"": 2, ""fp16"": true, ""head_dropout"": 0.1, ""head_lr"": 0.0001, ""lora_dropout"": 0.05, ""lora_rank"": 8, ""lora_scheme"": ""qkvo"", ""loss"": ""focal"", ""mode"": ""lora"", ""negative_strategy"": ""random"", ""patience"": 3, ""pooling"": ""center"", ""sampling_ratio"": 10, ""seed"": 42, ""stage"": ""stage5_loss"", ""warmup_ratio"": 0.03, ""weight_decay"": 0.01}"
LAMAR,lora,center,10,random,focal,0.0001,592129,86443922,42,0.7813392525494279,0.7819576398608002,,,,,,,652.1374382972717,1540013568.0,s5_loss_focal3,stage5_loss,SUCCESS,"{""accumulation_steps"": 2, ""backbone_lr"": 1e-05, ""batch_size"": 16, ""epochs"": 20, ""eval_batch_size"": 128, ""experiment_id"": ""s5_loss_focal3"", ""focal_gamma"": 3, ""fp16"": true, ""head_dropout"": 0.1, ""head_lr"": 0.0001, ""lora_dropout"": 0.05, ""lora_rank"": 8, ""lora_scheme"": ""qkvo"", ""loss"": ""focal"", ""mode"": ""lora"", ""negative_strategy"": ""random"", ""patience"": 3, ""pooling"": ""center"", ""sampling_ratio"": 10, ""seed"": 42, ""stage"": ""stage5_loss"", ""warmup_ratio"": 0.03, ""weight_decay"": 0.01}"
LAMAR,lora,center,10,random,bce,0.0001,297217,86149010,42,0.8204807884742715,0.8210232376674238,,,,,,,757.4107625484467,1480081920.0,s6_lora_r4_d0p0,stage6_lora_rank,SUCCESS,"{""accumulation_steps"": 2, ""backbone_lr"": 1e-05, ""batch_size"": 16, ""epochs"": 20, ""eval_batch_size"": 128, ""experiment_id"": ""s6_lora_r4_d0p0"", ""fp16"": true, ""head_dropout"": 0.1, ""head_lr"": 0.0001, ""lora_dropout"": 0.0, ""lora_rank"": 4, ""lora_scheme"": ""qkvo"", ""loss"": ""bce"", ""mode"": ""lora"", ""negative_strategy"": ""random"", ""patience"": 3, ""pooling"": ""center"", ""sampling_ratio"": 10, ""seed"": 42, ""stage"": ""stage6_lora_rank"", ""warmup_ratio"": 0.03, ""weight_decay"": 0.01}"
LAMAR,lora,center,10,random,bce,0.0001,297217,86149010,42,0.8249772189012263,0.8254191842773719,,,,,,,773.9550638198853,1534084608.0,s6_lora_r4_d0p05,stage6_lora_rank,SUCCESS,"{""accumulation_steps"": 2, ""backbone_lr"": 1e-05, ""batch_size"": 16, ""epochs"": 20, ""eval_batch_size"": 128, ""experiment_id"": ""s6_lora_r4_d0p05"", ""fp16"": true, ""head_dropout"": 0.1, ""head_lr"": 0.0001, ""lora_dropout"": 0.05, ""lora_rank"": 4, ""lora_scheme"": ""qkvo"", ""loss"": ""bce"", ""mode"": ""lora"", ""negative_strategy"": ""random"", ""patience"": 3, ""pooling"": ""center"", ""sampling_ratio"": 10, ""seed"": 42, ""stage"": ""stage6_lora_rank"", ""warmup_ratio"": 0.03, ""weight_decay"": 0.01}"
LAMAR,lora,center,10,random,bce,0.0001,592129,86443922,42,0.7984918161184252,0.7991005038986964,,,,,,,879.6524379253387,1486010880.0,s6_lora_r8_d0p0,stage6_lora_rank,SUCCESS,"{""accumulation_steps"": 2, ""backbone_lr"": 1e-05, ""batch_size"": 16, ""epochs"": 20, ""eval_batch_size"": 128, ""experiment_id"": ""s6_lora_r8_d0p0"", ""fp16"": true, ""head_dropout"": 0.1, ""head_lr"": 0.0001, ""lora_dropout"": 0.0, ""lora_rank"": 8, ""lora_scheme"": ""qkvo"", ""loss"": ""bce"", ""mode"": ""lora"", ""negative_strategy"": ""random"", ""patience"": 3, ""pooling"": ""center"", ""sampling_ratio"": 10, ""seed"": 42, ""stage"": ""stage6_lora_rank"", ""warmup_ratio"": 0.03, ""weight_decay"": 0.01}"
LAMAR,lora,center,10,random,bce,0.0001,592129,86443922,42,0.8167900126502327,0.817341411529998,,,,,,,773.0133802890778,1540013568.0,s6_lora_r8_d0p05,stage6_lora_rank,SUCCESS,"{""accumulation_steps"": 2, ""backbone_lr"": 1e-05, ""batch_size"": 16, ""epochs"": 20, ""eval_batch_size"": 128, ""experiment_id"": ""s6_lora_r8_d0p05"", ""fp16"": true, ""head_dropout"": 0.1, ""head_lr"": 0.0001, ""lora_dropout"": 0.05, ""lora_rank"": 8, ""lora_scheme"": ""qkvo"", ""loss"": ""bce"", ""mode"": ""lora"", ""negative_strategy"": ""random"", ""patience"": 3, ""pooling"": ""center"", ""sampling_ratio"": 10, ""seed"": 42, ""stage"": ""stage6_lora_rank"", ""warmup_ratio"": 0.03, ""weight_decay"": 0.01}"
LAMAR,lora,center,10,random,bce,0.0001,1181953,87033746,42,0.8156951715987304,0.816215010417109,,,,,,,742.3570671081543,1497844224.0,s6_lora_r16_d0p0,stage6_lora_rank,SUCCESS,"{""accumulation_steps"": 2, ""backbone_lr"": 1e-05, ""batch_size"": 16, ""epochs"": 20, ""eval_batch_size"": 128, ""experiment_id"": ""s6_lora_r16_d0p0"", ""fp16"": true, ""head_dropout"": 0.1, ""head_lr"": 0.0001, ""lora_dropout"": 0.0, ""lora_rank"": 16, ""lora_scheme"": ""qkvo"", ""loss"": ""bce"", ""mode"": ""lora"", ""negative_strategy"": ""random"", ""patience"": 3, ""pooling"": ""center"", ""sampling_ratio"": 10, ""seed"": 42, ""stage"": ""stage6_lora_rank"", ""warmup_ratio"": 0.03, ""weight_decay"": 0.01}"
LAMAR,lora,center,10,random,bce,0.0001,1181953,87033746,42,0.7999823021125895,0.8006041090724285,,,,,,,686.4399690628052,1551846912.0,s6_lora_r16_d0p05,stage6_lora_rank,SUCCESS,"{""accumulation_steps"": 2, ""backbone_lr"": 1e-05, ""batch_size"": 16, ""epochs"": 20, ""eval_batch_size"": 128, ""experiment_id"": ""s6_lora_r16_d0p05"", ""fp16"": true, ""head_dropout"": 0.1, ""head_lr"": 0.0001, ""lora_dropout"": 0.05, ""lora_rank"": 16, ""lora_scheme"": ""qkvo"", ""loss"": ""bce"", ""mode"": ""lora"", ""negative_strategy"": ""random"", ""patience"": 3, ""pooling"": ""center"", ""sampling_ratio"": 10, ""seed"": 42, ""stage"": ""stage6_lora_rank"", ""warmup_ratio"": 0.03, ""weight_decay"": 0.01}"
LAMAR,lora,center,10,random,bce,0.0001,297217,86149010,42,0.8250019520429981,0.8254375974333445,,,,,,,751.077995300293,1534084608.0,s7_wd0,stage7_hparams,SUCCESS,"{""accumulation_steps"": 2, ""backbone_lr"": 1e-05, ""batch_size"": 16, ""epochs"": 20, ""eval_batch_size"": 128, ""experiment_id"": ""s7_wd0"", ""fp16"": true, ""head_dropout"": 0.1, ""head_lr"": 0.0001, ""lora_dropout"": 0.05, ""lora_rank"": 4, ""lora_scheme"": ""qkvo"", ""loss"": ""bce"", ""mode"": ""lora"", ""negative_strategy"": ""random"", ""patience"": 3, ""pooling"": ""center"", ""sampling_ratio"": 10, ""seed"": 42, ""stage"": ""stage7_hparams"", ""warmup_ratio"": 0.03, ""weight_decay"": 0.0}"
LAMAR,lora,center,10,random,bce,0.0001,297217,86149010,42,0.8249772189012263,0.8254191842773719,,,,,,,766.6567022800446,1534084608.0,s7_wd01,stage7_hparams,SUCCESS,"{""accumulation_steps"": 2, ""backbone_lr"": 1e-05, ""batch_size"": 16, ""epochs"": 20, ""eval_batch_size"": 128, ""experiment_id"": ""s7_wd01"", ""fp16"": true, ""head_dropout"": 0.1, ""head_lr"": 0.0001, ""lora_dropout"": 0.05, ""lora_rank"": 4, ""lora_scheme"": ""qkvo"", ""loss"": ""bce"", ""mode"": ""lora"", ""negative_strategy"": ""random"", ""patience"": 3, ""pooling"": ""center"", ""sampling_ratio"": 10, ""seed"": 42, ""stage"": ""stage7_hparams"", ""warmup_ratio"": 0.03, ""weight_decay"": 0.01}"
LAMAR,lora,center,10,random,bce,0.0001,297217,86149010,42,0.8058894191309963,0.806475021020285,,,,,,,751.2499620914459,1534084608.0,s7_warm0,stage7_hparams,SUCCESS,"{""accumulation_steps"": 2, ""backbone_lr"": 1e-05, ""batch_size"": 16, ""epochs"": 20, ""eval_batch_size"": 128, ""experiment_id"": ""s7_warm0"", ""fp16"": true, ""head_dropout"": 0.1, ""head_lr"": 0.0001, ""lora_dropout"": 0.05, ""lora_rank"": 4, ""lora_scheme"": ""qkvo"", ""loss"": ""bce"", ""mode"": ""lora"", ""negative_strategy"": ""random"", ""patience"": 3, ""pooling"": ""center"", ""sampling_ratio"": 10, ""seed"": 42, ""stage"": ""stage7_hparams"", ""warmup_ratio"": 0.0, ""weight_decay"": 0.01}"
LAMAR,lora,center,10,random,bce,0.0001,297217,86149010,42,0.8249772189012263,0.8254191842773719,,,,,,,779.8569135665894,1534084608.0,s7_warm03,stage7_hparams,SUCCESS,"{""accumulation_steps"": 2, ""backbone_lr"": 1e-05, ""batch_size"": 16, ""epochs"": 20, ""eval_batch_size"": 128, ""experiment_id"": ""s7_warm03"", ""fp16"": true, ""head_dropout"": 0.1, ""head_lr"": 0.0001, ""lora_dropout"": 0.05, ""lora_rank"": 4, ""lora_scheme"": ""qkvo"", ""loss"": ""bce"", ""mode"": ""lora"", ""negative_strategy"": ""random"", ""patience"": 3, ""pooling"": ""center"", ""sampling_ratio"": 10, ""seed"": 42, ""stage"": ""stage7_hparams"", ""warmup_ratio"": 0.03, ""weight_decay"": 0.01}"
LAMAR,lora,center,10,random,bce,0.0001,297217,86149010,42,0.8096743355677385,0.8102609732416302,,,,,,,1433.036075592041,1174961664.0,s7_batch8,stage7_hparams,SUCCESS,"{""accumulation_steps"": 4, ""backbone_lr"": 1e-05, ""batch_size"": 8, ""epochs"": 20, ""eval_batch_size"": 128, ""experiment_id"": ""s7_batch8"", ""fp16"": true, ""head_dropout"": 0.1, ""head_lr"": 0.0001, ""lora_dropout"": 0.05, ""lora_rank"": 4, ""lora_scheme"": ""qkvo"", ""loss"": ""bce"", ""mode"": ""lora"", ""negative_strategy"": ""random"", ""patience"": 3, ""pooling"": ""center"", ""sampling_ratio"": 10, ""seed"": 42, ""stage"": ""stage7_hparams"", ""warmup_ratio"": 0.03, ""weight_decay"": 0.01}"
LAMAR,lora,center,10,random,bce,0.0001,297217,86149010,42,0.8249772189012263,0.8254191842773719,,,,,,,800.8146901130676,1534084608.0,s7_batch16,stage7_hparams,SUCCESS,"{""accumulation_steps"": 2, ""backbone_lr"": 1e-05, ""batch_size"": 16, ""epochs"": 20, ""eval_batch_size"": 128, ""experiment_id"": ""s7_batch16"", ""fp16"": true, ""head_dropout"": 0.1, ""head_lr"": 0.0001, ""lora_dropout"": 0.05, ""lora_rank"": 4, ""lora_scheme"": ""qkvo"", ""loss"": ""bce"", ""mode"": ""lora"", ""negative_strategy"": ""random"", ""patience"": 3, ""pooling"": ""center"", ""sampling_ratio"": 10, ""seed"": 42, ""stage"": ""stage7_hparams"", ""warmup_ratio"": 0.03, ""weight_decay"": 0.01}"
LAMAR,lora,center,10,random,bce,0.0001,297217,86149010,42,0.8250019520429981,0.8254375974333445,0.1127722491954182,0.16975417069578147,0.47619047619047616,0.12422360248447205,0.19704433497536947,136.64596273291926,724.0402820110321,1534084608.0,final_seed42,final_seeds,SUCCESS,"{""accumulation_steps"": 2, ""backbone_lr"": 1e-05, ""batch_size"": 16, ""epochs"": 20, ""eval_batch_size"": 128, ""experiment_id"": ""final_seed42"", ""fp16"": true, ""head_dropout"": 0.1, ""head_lr"": 0.0001, ""lora_dropout"": 0.05, ""lora_rank"": 4, ""lora_scheme"": ""qkvo"", ""loss"": ""bce"", ""mode"": ""lora"", ""negative_strategy"": ""random"", ""patience"": 3, ""pooling"": ""center"", ""sampling_ratio"": 10, ""seed"": 42, ""stage"": ""final_seeds"", ""warmup_ratio"": 0.03, ""weight_decay"": 0.0}"
LAMAR,lora,center,10,random,bce,0.0001,297217,86149010,43,0.8080192997459977,0.8085858523249991,,,,,,,772.3770155906677,1534084608.0,final_seed43,final_seeds,SUCCESS,"{""accumulation_steps"": 2, ""backbone_lr"": 1e-05, ""batch_size"": 16, ""epochs"": 20, ""eval_batch_size"": 128, ""experiment_id"": ""final_seed43"", ""fp16"": true, ""head_dropout"": 0.1, ""head_lr"": 0.0001, ""lora_dropout"": 0.05, ""lora_rank"": 4, ""lora_scheme"": ""qkvo"", ""loss"": ""bce"", ""mode"": ""lora"", ""negative_strategy"": ""random"", ""patience"": 3, ""pooling"": ""center"", ""sampling_ratio"": 10, ""seed"": 43, ""stage"": ""final_seeds"", ""warmup_ratio"": 0.03, ""weight_decay"": 0.0}"
LAMAR,lora,center,10,random,bce,0.0001,297217,86149010,44,0.7915316396245677,0.792133308408463,,,,,,,655.9587907791138,1534084608.0,final_seed44,final_seeds,SUCCESS,"{""accumulation_steps"": 2, ""backbone_lr"": 1e-05, ""batch_size"": 16, ""epochs"": 20, ""eval_batch_size"": 128, ""experiment_id"": ""final_seed44"", ""fp16"": true, ""head_dropout"": 0.1, ""head_lr"": 0.0001, ""lora_dropout"": 0.05, ""lora_rank"": 4, ""lora_scheme"": ""qkvo"", ""loss"": ""bce"", ""mode"": ""lora"", ""negative_strategy"": ""random"", ""patience"": 3, ""pooling"": ""center"", ""sampling_ratio"": 10, ""seed"": 44, ""stage"": ""final_seeds"", ""warmup_ratio"": 0.03, ""weight_decay"": 0.0}"
kmer_logistic,baseline,,10,random,bce,,344,344,20260722,0.3270873668639166,0.3305119141606771,,,,,,,3.917656183242798,,kmer_logistic,baseline,SUCCESS,
metadata_only_logistic,baseline,,10,random,bce,,6,6,20260722,0.7493210465957091,0.7501468011686914,,,,,,,0.1981592178344726,,metadata_only_logistic,baseline,SUCCESS,
cnn,baseline,,10,random,bce,,59969,59969,20260722,0.3626057705767718,0.3650521387790018,,,,,,,23.467536449432373,51728896.0,cnn,baseline,SUCCESS,
