model,kind,pr_auc,average_precision,roc_auc,precision,recall,f1,mcc,brier,ece,threshold,tn,fp,fn,tp,fp_per_million,target_fp_per_million,allowed_fp
hash_random,fp_workpoint,0.0009567013233406163,0.0009761678415001621,0.482198769513315,0.0,0.0,0.0,-7.781123419476706e-05,0.0009980034301517152,1.048639474904192e-05,0.0010328769766765568,164999,1,165,0,6.0606060606060606,10.0,1.0
hash_random,fp_workpoint,0.0009567013233406163,0.0009761678415001621,0.482198769513315,0.0,0.0,0.0,-0.00022008806935504635,0.0009980034301517152,1.048639474904192e-05,0.0010285335157266219,164992,8,165,0,48.484848484848484,50.0,8.0
hash_random,fp_workpoint,0.0009567013233406163,0.0009761678415001621,0.482198769513315,0.0,0.0,0.0,-0.00031125907119116276,0.0009980034301517152,1.048639474904192e-05,0.0010271263231225638,164984,16,165,0,96.96969696969697,100.0,16.0
hash_random,fp_workpoint,0.0009567013233406163,0.0009761678415001621,0.482198769513315,0.0,0.0,0.0,-0.0007047835354505412,0.0009980034301517152,1.048639474904192e-05,0.0010235148824112928,164918,82,165,0,496.969696969697,500.0,82.0
hash_random,fp_workpoint,0.0009567013233406163,0.0009761678415001621,0.482198769513315,0.0,0.0,0.0,-0.001,0.0009980034301517152,1.048639474904192e-05,0.001022237259730747,164835,165,165,0,1000.0,1000.0,165.0
hash_random,fixed_threshold,0.0009567013233406163,0.0009761678415001621,0.482198769513315,0.0,0.0,0.0,0.0,0.0009980034301517152,1.048639474904192e-05,0.01,165000,0,165,0,0.0,,
hash_random,fixed_threshold,0.0009567013233406163,0.0009761678415001621,0.482198769513315,0.0,0.0,0.0,0.0,0.0009980034301517152,1.048639474904192e-05,0.05,165000,0,165,0,0.0,,
hash_random,fixed_threshold,0.0009567013233406163,0.0009761678415001621,0.482198769513315,0.0,0.0,0.0,0.0,0.0009980034301517152,1.048639474904192e-05,0.1,165000,0,165,0,0.0,,
hash_random,fixed_threshold,0.0009567013233406163,0.0009761678415001621,0.482198769513315,0.0,0.0,0.0,0.0,0.0009980034301517152,1.048639474904192e-05,0.2,165000,0,165,0,0.0,,
hash_random,fixed_threshold,0.0009567013233406163,0.0009761678415001621,0.482198769513315,0.0,0.0,0.0,0.0,0.0009980034301517152,1.048639474904192e-05,0.5,165000,0,165,0,0.0,,
lamar_zero_shot_center,fp_workpoint,0.029911190317458716,0.0309413592211437,0.902587842056933,0.5,0.006060606060606061,0.011976047904191617,0.05496599689875182,0.0009841442627764054,7.48641463389422e-05,0.14919202787309213,164999,1,164,1,6.0606060606060606,10.0,1.0
lamar_zero_shot_center,fp_workpoint,0.029911190317458716,0.0309413592211437,0.902587842056933,0.1111111111111111,0.006060606060606061,0.011494252873563218,0.025730204591117904,0.0009841442627764054,7.48641463389422e-05,0.0955785469542368,164992,8,164,1,48.484848484848484,50.0,8.0
lamar_zero_shot_center,fp_workpoint,0.029911190317458716,0.0309413592211437,0.902587842056933,0.15789473684210525,0.01818181818181818,0.03260869565217391,0.05327064911182965,0.0009841442627764054,7.48641463389422e-05,0.08334890071193655,164984,16,162,3,96.96969696969697,100.0,16.0
lamar_zero_shot_center,fp_workpoint,0.029911190317458716,0.0309413592211437,0.902587842056933,0.08888888888888889,0.048484848484848485,0.06274509803921569,0.06496113282180133,0.0009841442627764054,7.48641463389422e-05,0.04949543561035116,164918,82,157,8,496.969696969697,500.0,82.0
lamar_zero_shot_center,fp_workpoint,0.029911190317458716,0.0309413592211437,0.902587842056933,0.06779661016949153,0.07272727272727272,0.07017543859649122,0.06925568833181311,0.0009841442627764054,7.48641463389422e-05,0.03999618561811101,164835,165,153,12,1000.0,1000.0,165.0
lamar_zero_shot_center,fixed_threshold,0.029911190317458716,0.0309413592211437,0.902587842056933,0.021176470588235293,0.38181818181818183,0.040127388535031845,0.0865032106531263,0.0009841442627764054,7.48641463389422e-05,0.01,162088,2912,102,63,17648.484848484848,,
lamar_zero_shot_center,fixed_threshold,0.029911190317458716,0.0309413592211437,0.902587842056933,0.09302325581395349,0.048484848484848485,0.06374501992031872,0.06648745321862423,0.0009841442627764054,7.48641463389422e-05,0.05,164922,78,157,8,472.72727272727275,,
lamar_zero_shot_center,fixed_threshold,0.029911190317458716,0.0309413592211437,0.902587842056933,0.125,0.006060606060606061,0.011560693641618497,0.02731843160869513,0.0009841442627764054,7.48641463389422e-05,0.1,164993,7,164,1,42.42424242424242,,
lamar_zero_shot_center,fixed_threshold,0.029911190317458716,0.0309413592211437,0.902587842056933,0.5,0.006060606060606061,0.011976047904191617,0.05496599689875182,0.0009841442627764054,7.48641463389422e-05,0.2,164999,1,164,1,6.0606060606060606,,
lamar_zero_shot_center,fixed_threshold,0.029911190317458716,0.0309413592211437,0.902587842056933,0.0,0.0,0.0,0.0,0.0009841442627764054,7.48641463389422e-05,0.5,165000,0,165,0,0.0,,
lamar_zero_shot_cls,fp_workpoint,0.002641393926369186,0.002710494559156427,0.740057318640955,0.0,0.0,0.0,-7.781123419476706e-05,0.000997184193305773,6.36467526980199e-05,0.007308550597499263,164999,1,165,0,6.0606060606060606,10.0,1.0
lamar_zero_shot_cls,fp_workpoint,0.002641393926369186,0.002710494559156427,0.740057318640955,0.0,0.0,0.0,-0.00022008806935504635,0.000997184193305773,6.36467526980199e-05,0.0066956576985552265,164992,8,165,0,48.484848484848484,50.0,8.0
lamar_zero_shot_cls,fp_workpoint,0.002641393926369186,0.002710494559156427,0.740057318640955,0.0,0.0,0.0,-0.00031125907119116276,0.000997184193305773,6.36467526980199e-05,0.006471322335414634,164984,16,165,0,96.96969696969697,100.0,16.0
lamar_zero_shot_cls,fp_workpoint,0.002641393926369186,0.002710494559156427,0.740057318640955,0.0,0.0,0.0,-0.0007047835354505412,0.000997184193305773,6.36467526980199e-05,0.005562096568788973,164918,82,165,0,496.969696969697,500.0,82.0
lamar_zero_shot_cls,fp_workpoint,0.002641393926369186,0.002710494559156427,0.740057318640955,0.0,0.0,0.0,-0.001,0.000997184193305773,6.36467526980199e-05,0.005266249565942562,164835,165,165,0,1000.0,1000.0,165.0
lamar_zero_shot_cls,fixed_threshold,0.002641393926369186,0.002710494559156427,0.740057318640955,0.0,0.0,0.0,0.0,0.000997184193305773,6.36467526980199e-05,0.01,165000,0,165,0,0.0,,
lamar_zero_shot_cls,fixed_threshold,0.002641393926369186,0.002710494559156427,0.740057318640955,0.0,0.0,0.0,0.0,0.000997184193305773,6.36467526980199e-05,0.05,165000,0,165,0,0.0,,
lamar_zero_shot_cls,fixed_threshold,0.002641393926369186,0.002710494559156427,0.740057318640955,0.0,0.0,0.0,0.0,0.000997184193305773,6.36467526980199e-05,0.1,165000,0,165,0,0.0,,
lamar_zero_shot_cls,fixed_threshold,0.002641393926369186,0.002710494559156427,0.740057318640955,0.0,0.0,0.0,0.0,0.000997184193305773,6.36467526980199e-05,0.2,165000,0,165,0,0.0,,
lamar_zero_shot_cls,fixed_threshold,0.002641393926369186,0.002710494559156427,0.740057318640955,0.0,0.0,0.0,0.0,0.000997184193305773,6.36467526980199e-05,0.5,165000,0,165,0,0.0,,
lamar_zero_shot_masked_mean,fp_workpoint,0.0032306748931088232,0.003316264892350586,0.7687712764003674,0.0,0.0,0.0,-7.781123419476706e-05,0.0009968841232762763,6.849110952578401e-05,0.013480117146972953,164999,1,165,0,6.0606060606060606,10.0,1.0
lamar_zero_shot_masked_mean,fp_workpoint,0.0032306748931088232,0.003316264892350586,0.7687712764003674,0.0,0.0,0.0,-0.00022008806935504635,0.0009968841232762763,6.849110952578401e-05,0.012137170213175586,164992,8,165,0,48.484848484848484,50.0,8.0
lamar_zero_shot_masked_mean,fp_workpoint,0.0032306748931088232,0.003316264892350586,0.7687712764003674,0.0,0.0,0.0,-0.00031125907119116276,0.0009968841232762763,6.849110952578401e-05,0.011372523206296883,164984,16,165,0,96.96969696969697,100.0,16.0
lamar_zero_shot_masked_mean,fp_workpoint,0.0032306748931088232,0.003316264892350586,0.7687712764003674,0.0,0.0,0.0,-0.0007047835354505412,0.0009968841232762763,6.849110952578401e-05,0.009793548793726632,164918,82,165,0,496.969696969697,500.0,82.0
lamar_zero_shot_masked_mean,fp_workpoint,0.0032306748931088232,0.003316264892350586,0.7687712764003674,0.0,0.0,0.0,-0.001,0.0009968841232762763,6.849110952578401e-05,0.008764707217504154,164835,165,165,0,1000.0,1000.0,165.0
lamar_zero_shot_masked_mean,fixed_threshold,0.0032306748931088232,0.003316264892350586,0.7687712764003674,0.0,0.0,0.0,-0.0006370396956461013,0.0009968841232762763,6.849110952578401e-05,0.01,164933,67,165,0,406.06060606060606,,
lamar_zero_shot_masked_mean,fixed_threshold,0.0032306748931088232,0.003316264892350586,0.7687712764003674,0.0,0.0,0.0,0.0,0.0009968841232762763,6.849110952578401e-05,0.05,165000,0,165,0,0.0,,
lamar_zero_shot_masked_mean,fixed_threshold,0.0032306748931088232,0.003316264892350586,0.7687712764003674,0.0,0.0,0.0,0.0,0.0009968841232762763,6.849110952578401e-05,0.1,165000,0,165,0,0.0,,
lamar_zero_shot_masked_mean,fixed_threshold,0.0032306748931088232,0.003316264892350586,0.7687712764003674,0.0,0.0,0.0,0.0,0.0009968841232762763,6.849110952578401e-05,0.2,165000,0,165,0,0.0,,
lamar_zero_shot_masked_mean,fixed_threshold,0.0032306748931088232,0.003316264892350586,0.7687712764003674,0.0,0.0,0.0,0.0,0.0009968841232762763,6.849110952578401e-05,0.5,165000,0,165,0,0.0,,
lamar_zero_shot_mean,fp_workpoint,0.0032306787119428765,0.003316272131404007,0.768771331496786,0.0,0.0,0.0,-7.781123419476706e-05,0.000996884123200021,6.849111229922412e-05,0.01348011952048001,164999,1,165,0,6.0606060606060606,10.0,1.0
lamar_zero_shot_mean,fp_workpoint,0.0032306787119428765,0.003316272131404007,0.768771331496786,0.0,0.0,0.0,-0.00022008806935504635,0.000996884123200021,6.849111229922412e-05,0.012137172274821972,164992,8,165,0,48.484848484848484,50.0,8.0
lamar_zero_shot_mean,fp_workpoint,0.0032306787119428765,0.003316272131404007,0.768771331496786,0.0,0.0,0.0,-0.00031125907119116276,0.000996884123200021,6.849111229922412e-05,0.011372525094067599,164984,16,165,0,96.96969696969697,100.0,16.0
lamar_zero_shot_mean,fp_workpoint,0.0032306787119428765,0.003316272131404007,0.768771331496786,0.0,0.0,0.0,-0.0007047835354505412,0.000996884123200021,6.849111229922412e-05,0.009793550331979305,164918,82,165,0,496.969696969697,500.0,82.0
lamar_zero_shot_mean,fp_workpoint,0.0032306787119428765,0.003316272131404007,0.768771331496786,0.0,0.0,0.0,-0.001,0.000996884123200021,6.849111229922412e-05,0.00876470853578848,164835,165,165,0,1000.0,1000.0,165.0
lamar_zero_shot_mean,fixed_threshold,0.0032306787119428765,0.003316272131404007,0.768771331496786,0.0,0.0,0.0,-0.0006370396956461013,0.000996884123200021,6.849111229922412e-05,0.01,164933,67,165,0,406.06060606060606,,
lamar_zero_shot_mean,fixed_threshold,0.0032306787119428765,0.003316272131404007,0.768771331496786,0.0,0.0,0.0,0.0,0.000996884123200021,6.849111229922412e-05,0.05,165000,0,165,0,0.0,,
lamar_zero_shot_mean,fixed_threshold,0.0032306787119428765,0.003316272131404007,0.768771331496786,0.0,0.0,0.0,0.0,0.000996884123200021,6.849111229922412e-05,0.1,165000,0,165,0,0.0,,
lamar_zero_shot_mean,fixed_threshold,0.0032306787119428765,0.003316272131404007,0.768771331496786,0.0,0.0,0.0,0.0,0.000996884123200021,6.849111229922412e-05,0.2,165000,0,165,0,0.0,,
lamar_zero_shot_mean,fixed_threshold,0.0032306787119428765,0.003316272131404007,0.768771331496786,0.0,0.0,0.0,0.0,0.000996884123200021,6.849111229922412e-05,0.5,165000,0,165,0,0.0,,
lamar_linear_probe_center,fp_workpoint,0.045301285814513856,0.048428066830534404,0.92535072543618,0.5,0.006060606060606061,0.011976047904191617,0.05496599689875182,0.0009780431792986463,6.731685047162275e-05,0.5157590058473634,164999,1,164,1,6.0606060606060606,10.0,1.0
lamar_linear_probe_center,fp_workpoint,0.045301285814513856,0.048428066830534404,0.92535072543618,0.2727272727272727,0.01818181818181818,0.03409090909090909,0.07019734688949218,0.0009780431792986463,6.731685047162275e-05,0.33633403228213854,164992,8,162,3,48.484848484848484,50.0,8.0
lamar_linear_probe_center,fp_workpoint,0.045301285814513856,0.048428066830534404,0.92535072543618,0.23809523809523808,0.030303030303030304,0.053763440860215055,0.08463246426170057,0.0009780431792986463,6.731685047162275e-05,0.24570427829263322,164984,16,160,5,96.96969696969697,100.0,16.0
lamar_linear_probe_center,fp_workpoint,0.045301285814513856,0.048428066830534404,0.92535072543618,0.1368421052631579,0.07878787878787878,0.1,0.1031571658829132,0.0009780431792986463,6.731685047162275e-05,0.09360072660519662,164918,82,152,13,496.969696969697,500.0,82.0
lamar_linear_probe_center,fp_workpoint,0.045301285814513856,0.048428066830534404,0.92535072543618,0.10810810810810811,0.12121212121212122,0.11428571428571428,0.1135352422571241,0.0009780431792986463,6.731685047162275e-05,0.06376315672542383,164835,165,145,20,1000.0,1000.0,165.0
lamar_linear_probe_center,fixed_threshold,0.045301285814513856,0.048428066830534404,0.92535072543618,0.030911901081916538,0.48484848484848486,0.05811841627315656,0.11946623612352648,0.0009780431792986463,6.731685047162275e-05,0.01,162492,2508,85,80,15200.0,,
lamar_linear_probe_center,fixed_threshold,0.045301285814513856,0.048428066830534404,0.92535072543618,0.08389261744966443,0.15151515151515152,0.1079913606911447,0.11155689787956176,0.0009780431792986463,6.731685047162275e-05,0.05,164727,273,140,25,1654.5454545454545,,
lamar_linear_probe_center,fixed_threshold,0.045301285814513856,0.048428066830534404,0.92535072543618,0.14606741573033707,0.07878787878787878,0.10236220472440945,0.10662522917032768,0.0009780431792986463,6.731685047162275e-05,0.1,164924,76,152,13,460.6060606060606,,
lamar_linear_probe_center,fixed_threshold,0.045301285814513856,0.048428066830534404,0.92535072543618,0.16129032258064516,0.030303030303030304,0.05102040816326531,0.0695195069939447,0.0009780431792986463,6.731685047162275e-05,0.2,164974,26,160,5,157.57575757575756,,
lamar_linear_probe_center,fixed_threshold,0.045301285814513856,0.048428066830534404,0.92535072543618,0.3333333333333333,0.006060606060606061,0.011904761904761904,0.044834759791137005,0.0009780431792986463,6.731685047162275e-05,0.5,164998,2,164,1,12.121212121212121,,
lamar_linear_probe_cls,fp_workpoint,0.014849861698263259,0.005296509085721553,0.79827072543618,0.0,0.0,0.0,0.0,0.000995362193041801,2.168404344971009e-19,0.02173913043478261,165000,0,165,0,0.0,10.0,1.0
lamar_linear_probe_cls,fp_workpoint,0.014849861698263259,0.005296509085721553,0.79827072543618,0.0,0.0,0.0,0.0,0.000995362193041801,2.168404344971009e-19,0.02173913043478261,165000,0,165,0,0.0,50.0,8.0
lamar_linear_probe_cls,fp_workpoint,0.014849861698263259,0.005296509085721553,0.79827072543618,0.0,0.0,0.0,0.0,0.000995362193041801,2.168404344971009e-19,0.02173913043478261,165000,0,165,0,0.0,100.0,16.0
lamar_linear_probe_cls,fp_workpoint,0.014849861698263259,0.005296509085721553,0.79827072543618,0.0,0.0,0.0,0.0,0.000995362193041801,2.168404344971009e-19,0.02173913043478261,165000,0,165,0,0.0,500.0,82.0
lamar_linear_probe_cls,fp_workpoint,0.014849861698263259,0.005296509085721553,0.79827072543618,0.021739130434782608,0.01818181818181818,0.019801980198019802,0.01898486794930164,0.000995362193041801,2.168404344971009e-19,0.01550387596899225,164865,135,162,3,818.1818181818181,1000.0,165.0
lamar_linear_probe_cls,fixed_threshold,0.014849861698263259,0.005296509085721553,0.79827072543618,0.016359918200409,0.09696969696969697,0.02799650043744532,0.037527641339985034,0.000995362193041801,2.168404344971009e-19,0.01,164038,962,149,16,5830.30303030303,,
lamar_linear_probe_cls,fixed_threshold,0.014849861698263259,0.005296509085721553,0.79827072543618,0.0,0.0,0.0,0.0,0.000995362193041801,2.168404344971009e-19,0.05,165000,0,165,0,0.0,,
lamar_linear_probe_cls,fixed_threshold,0.014849861698263259,0.005296509085721553,0.79827072543618,0.0,0.0,0.0,0.0,0.000995362193041801,2.168404344971009e-19,0.1,165000,0,165,0,0.0,,
lamar_linear_probe_cls,fixed_threshold,0.014849861698263259,0.005296509085721553,0.79827072543618,0.0,0.0,0.0,0.0,0.000995362193041801,2.168404344971009e-19,0.2,165000,0,165,0,0.0,,
lamar_linear_probe_cls,fixed_threshold,0.014849861698263259,0.005296509085721553,0.79827072543618,0.0,0.0,0.0,0.0,0.000995362193041801,2.168404344971009e-19,0.5,165000,0,165,0,0.0,,
lamar_linear_probe_masked_mean,fp_workpoint,0.01208363177292438,0.006719021067133844,0.8091760146923783,0.0,0.0,0.0,0.0,0.0009942362476143872,0.0,0.05555555555555556,165000,0,165,0,0.0,10.0,1.0
lamar_linear_probe_masked_mean,fp_workpoint,0.01208363177292438,0.006719021067133844,0.8091760146923783,0.0,0.0,0.0,0.0,0.0009942362476143872,0.0,0.05555555555555556,165000,0,165,0,0.0,50.0,8.0
lamar_linear_probe_masked_mean,fp_workpoint,0.01208363177292438,0.006719021067133844,0.8091760146923783,0.0,0.0,0.0,0.0,0.0009942362476143872,0.0,0.05555555555555556,165000,0,165,0,0.0,100.0,16.0
lamar_linear_probe_masked_mean,fp_workpoint,0.01208363177292438,0.006719021067133844,0.8091760146923783,0.05555555555555555,0.006060606060606061,0.01092896174863388,0.018029426849835644,0.0009942362476143872,0.0,0.022321428571428575,164983,17,164,1,103.03030303030303,500.0,82.0
lamar_linear_probe_masked_mean,fp_workpoint,0.01208363177292438,0.006719021067133844,0.8091760146923783,0.05555555555555555,0.006060606060606061,0.01092896174863388,0.018029426849835644,0.0009942362476143872,0.0,0.022321428571428575,164983,17,164,1,103.03030303030303,1000.0,165.0
lamar_linear_probe_masked_mean,fixed_threshold,0.01208363177292438,0.006719021067133844,0.8091760146923783,0.02318840579710145,0.09696969696969697,0.03742690058479532,0.04549402147858669,0.0009942362476143872,0.0,0.01,164326,674,149,16,4084.8484848484845,,
lamar_linear_probe_masked_mean,fixed_threshold,0.01208363177292438,0.006719021067133844,0.8091760146923783,0.05555555555555555,0.006060606060606061,0.01092896174863388,0.018029426849835644,0.0009942362476143872,0.0,0.05,164983,17,164,1,103.03030303030303,,
lamar_linear_probe_masked_mean,fixed_threshold,0.01208363177292438,0.006719021067133844,0.8091760146923783,0.0,0.0,0.0,0.0,0.0009942362476143872,0.0,0.1,165000,0,165,0,0.0,,
lamar_linear_probe_masked_mean,fixed_threshold,0.01208363177292438,0.006719021067133844,0.8091760146923783,0.0,0.0,0.0,0.0,0.0009942362476143872,0.0,0.2,165000,0,165,0,0.0,,
lamar_linear_probe_masked_mean,fixed_threshold,0.01208363177292438,0.006719021067133844,0.8091760146923783,0.0,0.0,0.0,0.0,0.0009942362476143872,0.0,0.5,165000,0,165,0,0.0,,
lamar_linear_probe_mean,fp_workpoint,0.012083684353611858,0.006719103706370766,0.8091765105601469,0.0,0.0,0.0,0.0,0.0009942361952102144,0.0,0.05555555555555556,165000,0,165,0,0.0,10.0,1.0
lamar_linear_probe_mean,fp_workpoint,0.012083684353611858,0.006719103706370766,0.8091765105601469,0.0,0.0,0.0,0.0,0.0009942361952102144,0.0,0.05555555555555556,165000,0,165,0,0.0,50.0,8.0
lamar_linear_probe_mean,fp_workpoint,0.012083684353611858,0.006719103706370766,0.8091765105601469,0.0,0.0,0.0,0.0,0.0009942361952102144,0.0,0.05555555555555556,165000,0,165,0,0.0,100.0,16.0
lamar_linear_probe_mean,fp_workpoint,0.012083684353611858,0.006719103706370766,0.8091765105601469,0.05555555555555555,0.006060606060606061,0.01092896174863388,0.018029426849835644,0.0009942361952102144,0.0,0.022321428571428575,164983,17,164,1,103.03030303030303,500.0,82.0
lamar_linear_probe_mean,fp_workpoint,0.012083684353611858,0.006719103706370766,0.8091765105601469,0.05555555555555555,0.006060606060606061,0.01092896174863388,0.018029426849835644,0.0009942361952102144,0.0,0.022321428571428575,164983,17,164,1,103.03030303030303,1000.0,165.0
lamar_linear_probe_mean,fixed_threshold,0.012083684353611858,0.006719103706370766,0.8091765105601469,0.02318840579710145,0.09696969696969697,0.03742690058479532,0.04549402147858669,0.0009942361952102144,0.0,0.01,164326,674,149,16,4084.8484848484845,,
lamar_linear_probe_mean,fixed_threshold,0.012083684353611858,0.006719103706370766,0.8091765105601469,0.05555555555555555,0.006060606060606061,0.01092896174863388,0.018029426849835644,0.0009942361952102144,0.0,0.05,164983,17,164,1,103.03030303030303,,
lamar_linear_probe_mean,fixed_threshold,0.012083684353611858,0.006719103706370766,0.8091765105601469,0.0,0.0,0.0,0.0,0.0009942361952102144,0.0,0.1,165000,0,165,0,0.0,,
lamar_linear_probe_mean,fixed_threshold,0.012083684353611858,0.006719103706370766,0.8091765105601469,0.0,0.0,0.0,0.0,0.0009942361952102144,0.0,0.2,165000,0,165,0,0.0,,
lamar_linear_probe_mean,fixed_threshold,0.012083684353611858,0.006719103706370766,0.8091765105601469,0.0,0.0,0.0,0.0,0.0009942361952102144,0.0,0.5,165000,0,165,0,0.0,,
kmer_logistic,fp_workpoint,0.01721524237362937,0.004352463336246793,0.7977938659320477,0.0,0.0,0.0,0.0,0.0009958627841265863,0.0,0.016393442622950824,165000,0,165,0,0.0,10.0,1.0
kmer_logistic,fp_workpoint,0.01721524237362937,0.004352463336246793,0.7977938659320477,0.0,0.0,0.0,0.0,0.0009958627841265863,0.0,0.016393442622950824,165000,0,165,0,0.0,50.0,8.0
kmer_logistic,fp_workpoint,0.01721524237362937,0.004352463336246793,0.7977938659320477,0.0,0.0,0.0,0.0,0.0009958627841265863,0.0,0.016393442622950824,165000,0,165,0,0.0,100.0,16.0
kmer_logistic,fp_workpoint,0.01721524237362937,0.004352463336246793,0.7977938659320477,0.0,0.0,0.0,0.0,0.0009958627841265863,0.0,0.016393442622950824,165000,0,165,0,0.0,500.0,82.0
kmer_logistic,fp_workpoint,0.01721524237362937,0.004352463336246793,0.7977938659320477,0.0,0.0,0.0,0.0,0.0009958627841265863,0.0,0.016393442622950824,165000,0,165,0,0.0,1000.0,165.0
kmer_logistic,fixed_threshold,0.01721524237362937,0.004352463336246793,0.7977938659320477,0.01488095238095238,0.030303030303030304,0.01996007984031936,0.01983980609864693,0.0009958627841265863,0.0,0.01,164669,331,160,5,2006.0606060606062,,
kmer_logistic,fixed_threshold,0.01721524237362937,0.004352463336246793,0.7977938659320477,0.0,0.0,0.0,0.0,0.0009958627841265863,0.0,0.05,165000,0,165,0,0.0,,
kmer_logistic,fixed_threshold,0.01721524237362937,0.004352463336246793,0.7977938659320477,0.0,0.0,0.0,0.0,0.0009958627841265863,0.0,0.1,165000,0,165,0,0.0,,
kmer_logistic,fixed_threshold,0.01721524237362937,0.004352463336246793,0.7977938659320477,0.0,0.0,0.0,0.0,0.0009958627841265863,0.0,0.2,165000,0,165,0,0.0,,
kmer_logistic,fixed_threshold,0.01721524237362937,0.004352463336246793,0.7977938659320477,0.0,0.0,0.0,0.0,0.0009958627841265863,0.0,0.5,165000,0,165,0,0.0,,
cnn,fp_workpoint,0.004423782519109536,0.00470601997595331,0.7768087786960514,0.0,0.0,0.0,-7.781123419476706e-05,0.0009963869137018472,1.8682900327685135e-05,0.03987090848247494,164999,1,165,0,6.0606060606060606,10.0,1.0
cnn,fp_workpoint,0.004423782519109536,0.00470601997595331,0.7768087786960514,0.0,0.0,0.0,-0.00022008806935504635,0.0009963869137018472,1.8682900327685135e-05,0.02773438645803491,164992,8,165,0,48.484848484848484,50.0,8.0
cnn,fp_workpoint,0.004423782519109536,0.00470601997595331,0.7768087786960514,0.0,0.0,0.0,-0.00031125907119116276,0.0009963869137018472,1.8682900327685135e-05,0.02509697287065796,164984,16,165,0,96.96969696969697,100.0,16.0
cnn,fp_workpoint,0.004423782519109536,0.00470601997595331,0.7768087786960514,0.023809523809523808,0.012121212121212121,0.01606425702811245,0.01628772448081098,0.0009963869137018472,1.8682900327685135e-05,0.017336701923938255,164918,82,163,2,496.969696969697,500.0,82.0
cnn,fp_workpoint,0.004423782519109536,0.00470601997595331,0.7768087786960514,0.011976047904191617,0.012121212121212121,0.012048192771084338,0.011054484447320559,0.0009963869137018472,1.8682900327685135e-05,0.014840653483920403,164835,165,163,2,1000.0,1000.0,165.0
cnn,fixed_threshold,0.004423782519109536,0.00470601997595331,0.7768087786960514,0.007575757575757576,0.030303030303030304,0.012121212121212121,0.013186461215552827,0.0009963869137018472,1.8682900327685135e-05,0.01,164345,655,160,5,3969.6969696969695,,
cnn,fixed_threshold,0.004423782519109536,0.00470601997595331,0.7768087786960514,0.0,0.0,0.0,0.0,0.0009963869137018472,1.8682900327685135e-05,0.05,165000,0,165,0,0.0,,
cnn,fixed_threshold,0.004423782519109536,0.00470601997595331,0.7768087786960514,0.0,0.0,0.0,0.0,0.0009963869137018472,1.8682900327685135e-05,0.1,165000,0,165,0,0.0,,
cnn,fixed_threshold,0.004423782519109536,0.00470601997595331,0.7768087786960514,0.0,0.0,0.0,0.0,0.0009963869137018472,1.8682900327685135e-05,0.2,165000,0,165,0,0.0,,
cnn,fixed_threshold,0.004423782519109536,0.00470601997595331,0.7768087786960514,0.0,0.0,0.0,0.0,0.0009963869137018472,1.8682900327685135e-05,0.5,165000,0,165,0,0.0,,
frozen_lamar_head,fp_workpoint,0.05413276221789788,0.05608276936901956,0.921404315886134,0.5,0.006060606060606061,0.011976047904191617,0.05496599689875182,0.0009690358697083589,4.6620180627408454e-05,0.40065678806432153,164999,1,164,1,6.0606060606060606,10.0,1.0
frozen_lamar_head,fp_workpoint,0.05413276221789788,0.05608276936901956,0.921404315886134,0.2727272727272727,0.01818181818181818,0.03409090909090909,0.07019734688949218,0.0009690358697083589,4.6620180627408454e-05,0.20261728565511264,164992,8,162,3,48.484848484848484,50.0,8.0
frozen_lamar_head,fp_workpoint,0.05413276221789788,0.05608276936901956,0.921404315886134,0.30434782608695654,0.04242424242424243,0.07446808510638298,0.11332129861684716,0.0009690358697083589,4.6620180627408454e-05,0.14727605474532776,164984,16,158,7,96.96969696969697,100.0,16.0
frozen_lamar_head,fp_workpoint,0.05413276221789788,0.05608276936901956,0.921404315886134,0.1368421052631579,0.07878787878787878,0.1,0.1031571658829132,0.0009690358697083589,4.6620180627408454e-05,0.0873429936199429,164918,82,152,13,496.969696969697,500.0,82.0
frozen_lamar_head,fp_workpoint,0.05413276221789788,0.05608276936901956,0.921404315886134,0.09340659340659341,0.10303030303030303,0.09798270893371758,0.09715336077668174,0.0009690358697083589,4.6620180627408454e-05,0.06071221853407728,164835,165,148,17,1000.0,1000.0,165.0
frozen_lamar_head,fixed_threshold,0.05413276221789788,0.05608276936901956,0.921404315886134,0.025918635170603676,0.47878787878787876,0.049175225645813885,0.10816056370457866,0.0009690358697083589,4.6620180627408454e-05,0.01,162031,2969,86,79,17993.939393939396,,
frozen_lamar_head,fixed_threshold,0.05413276221789788,0.05608276936901956,0.921404315886134,0.07857142857142857,0.13333333333333333,0.09887640449438202,0.10118820721585337,0.0009690358697083589,4.6620180627408454e-05,0.05,164742,258,143,22,1563.6363636363635,,
frozen_lamar_head,fixed_threshold,0.05413276221789788,0.05608276936901956,0.921404315886134,0.1506849315068493,0.06666666666666667,0.09243697478991597,0.09963535546968891,0.0009690358697083589,4.6620180627408454e-05,0.1,164938,62,154,11,375.75757575757575,,
frozen_lamar_head,fixed_threshold,0.05413276221789788,0.05608276936901956,0.921404315886134,0.25,0.01818181818181818,0.03389830508474576,0.06718658336221353,0.0009690358697083589,4.6620180627408454e-05,0.2,164991,9,162,3,54.54545454545455,,
frozen_lamar_head,fixed_threshold,0.05413276221789788,0.05608276936901956,0.921404315886134,1.0,0.006060606060606061,0.012048192771084338,0.07781123419476706,0.0009690358697083589,4.6620180627408454e-05,0.5,165000,0,164,1,0.0,,
partial_lamar_2blocks,fp_workpoint,0.10644302604821958,0.0863531167086933,0.9443593572084482,0.0,0.0,0.0,0.0,0.0009385451467304308,3.9659224686152775e-20,0.2941176470588236,165000,0,165,0,0.0,10.0,1.0
partial_lamar_2blocks,fp_workpoint,0.10644302604821958,0.0863531167086933,0.9443593572084482,0.0,0.0,0.0,0.0,0.0009385451467304308,3.9659224686152775e-20,0.2941176470588236,165000,0,165,0,0.0,50.0,8.0
partial_lamar_2blocks,fp_workpoint,0.10644302604821958,0.0863531167086933,0.9443593572084482,0.29411764705882354,0.030303030303030304,0.054945054945054944,0.09413807749429338,0.0009385451467304308,3.9659224686152775e-20,0.20000000000000004,164988,12,160,5,72.72727272727273,100.0,16.0
partial_lamar_2blocks,fp_workpoint,0.10644302604821958,0.0863531167086933,0.9443593572084482,0.21739130434782608,0.12121212121212122,0.1556420233463035,0.16170810164514202,0.0009385451467304308,3.9659224686152775e-20,0.14285714285714288,164928,72,145,20,436.3636363636364,500.0,82.0
partial_lamar_2blocks,fp_workpoint,0.10644302604821958,0.0863531167086933,0.9443593572084482,0.1797752808988764,0.19393939393939394,0.18658892128279883,0.18587847969183366,0.0009385451467304308,3.9659224686152775e-20,0.1318681318681319,164854,146,133,32,884.8484848484849,1000.0,165.0
partial_lamar_2blocks,fixed_threshold,0.10644302604821958,0.0863531167086933,0.9443593572084482,0.03278688524590164,0.6303030303030303,0.06233143542103686,0.14080373187432477,0.0009385451467304308,3.9659224686152775e-20,0.01,161932,3068,61,104,18593.939393939396,,
partial_lamar_2blocks,fixed_threshold,0.10644302604821958,0.0863531167086933,0.9443593572084482,0.13793103448275862,0.3393939393939394,0.19614711033274956,0.21516794803675413,0.0009385451467304308,3.9659224686152775e-20,0.05,164650,350,109,56,2121.2121212121215,,
partial_lamar_2blocks,fixed_threshold,0.10644302604821958,0.0863531167086933,0.9443593572084482,0.1553398058252427,0.2909090909090909,0.20253164556962025,0.21151525671216168,0.0009385451467304308,3.9659224686152775e-20,0.1,164739,261,117,48,1581.8181818181818,,
partial_lamar_2blocks,fixed_threshold,0.10644302604821958,0.0863531167086933,0.9443593572084482,0.21739130434782608,0.12121212121212122,0.1556420233463035,0.16170810164514202,0.0009385451467304308,3.9659224686152775e-20,0.2,164928,72,145,20,436.3636363636364,,
partial_lamar_2blocks,fixed_threshold,0.10644302604821958,0.0863531167086933,0.9443593572084482,0.0,0.0,0.0,0.0,0.0009385451467304308,3.9659224686152775e-20,0.5,165000,0,165,0,0.0,,
full_lamar,fp_workpoint,0.12065685000639526,0.09477146013736198,0.9400962534435261,0.0,0.0,0.0,0.0,0.0009325084499215895,1.5791744511881622e-19,0.35000000000000003,165000,0,165,0,0.0,10.0,1.0
full_lamar,fp_workpoint,0.12065685000639526,0.09477146013736198,0.9400962534435261,0.0,0.0,0.0,0.0,0.0009325084499215895,1.5791744511881622e-19,0.35000000000000003,165000,0,165,0,0.0,50.0,8.0
full_lamar,fp_workpoint,0.12065685000639526,0.09477146013736198,0.9400962534435261,0.35,0.04242424242424243,0.07567567567567568,0.12157465078238308,0.0009325084499215895,1.5791744511881622e-19,0.33333333333333337,164987,13,158,7,78.78787878787878,100.0,16.0
full_lamar,fp_workpoint,0.12065685000639526,0.09477146013736198,0.9400962534435261,0.30434782608695654,0.08484848484848485,0.13270142180094788,0.16027167864354652,0.0009325084499215895,1.5791744511881622e-19,0.18181818181818185,164968,32,151,14,193.93939393939394,500.0,82.0
full_lamar,fp_workpoint,0.12065685000639526,0.09477146013736198,0.9400962534435261,0.19902912621359223,0.24848484848484848,0.2210242587601078,0.2215189795588558,0.0009325084499215895,1.5791744511881622e-19,0.08000000000000002,164835,165,124,41,1000.0,1000.0,165.0
full_lamar,fixed_threshold,0.12065685000639526,0.09477146013736198,0.9400962534435261,0.030948905109489052,0.6424242424242425,0.05905292479108635,0.13795933181745962,0.0009325084499215895,1.5791744511881622e-19,0.01,161681,3319,59,106,20115.151515151516,,
full_lamar,fixed_threshold,0.12065685000639526,0.09477146013736198,0.9400962534435261,0.17959183673469387,0.26666666666666666,0.2146341463414634,0.2178936077600539,0.0009325084499215895,1.5791744511881622e-19,0.05,164799,201,121,44,1218.181818181818,,
full_lamar,fixed_threshold,0.12065685000639526,0.09477146013736198,0.9400962534435261,0.19902912621359223,0.24848484848484848,0.2210242587601078,0.2215189795588558,0.0009325084499215895,1.5791744511881622e-19,0.1,164835,165,124,41,1000.0,,
full_lamar,fixed_threshold,0.12065685000639526,0.09477146013736198,0.9400962534435261,0.30434782608695654,0.08484848484848485,0.13270142180094788,0.16027167864354652,0.0009325084499215895,1.5791744511881622e-19,0.2,164968,32,151,14,193.93939393939394,,
full_lamar,fixed_threshold,0.12065685000639526,0.09477146013736198,0.9400962534435261,0.0,0.0,0.0,0.0,0.0009325084499215895,1.5791744511881622e-19,0.5,165000,0,165,0,0.0,,
lora_best,fp_workpoint,0.13527507598423305,0.13926455997979106,0.9440792470156107,0.0,0.0,0.0,-7.781123419476706e-05,0.000918468326408552,0.0001321047338139213,0.46436293394035594,164999,1,165,0,6.0606060606060606,10.0,1.0
lora_best,fp_workpoint,0.13527507598423305,0.13926455997979106,0.9440792470156107,0.5294117647058824,0.05454545454545454,0.0989010989010989,0.16970521107231076,0.000918468326408552,0.0001321047338139213,0.32725197589035876,164992,8,156,9,48.484848484848484,50.0,8.0
lora_best,fp_workpoint,0.13527507598423305,0.13926455997979106,0.9440792470156107,0.5,0.09696969696969697,0.16243654822335024,0.21988395822499038,0.000918468326408552,0.0001321047338139213,0.24298370743536443,164984,16,149,16,96.96969696969697,100.0,16.0
lora_best,fp_workpoint,0.13527507598423305,0.13926455997979106,0.9440792470156107,0.2743362831858407,0.18787878787878787,0.22302158273381295,0.2263923645596673,0.000918468326408552,0.0001321047338139213,0.13950361138731077,164918,82,134,31,496.969696969697,500.0,82.0
lora_best,fp_workpoint,0.13527507598423305,0.13926455997979106,0.9440792470156107,0.21052631578947367,0.26666666666666666,0.23529411764705882,0.2360825075534631,0.000918468326408552,0.0001321047338139213,0.09389749269091739,164835,165,121,44,1000.0,1000.0,165.0
lora_best,fixed_threshold,0.13527507598423305,0.13926455997979106,0.9440792470156107,0.03233574131406949,0.5696969696969697,0.061197916666666664,0.13277226153821048,0.000918468326408552,0.0001321047338139213,0.01,162187,2813,71,94,17048.484848484848,,
lora_best,fixed_threshold,0.13527507598423305,0.13926455997979106,0.9440792470156107,0.13043478260869565,0.36363636363636365,0.192,0.21652794402812223,0.000918468326408552,0.0001321047338139213,0.05,164600,400,105,60,2424.242424242424,,
lora_best,fixed_threshold,0.13527507598423305,0.13926455997979106,0.9440792470156107,0.21875,0.2545454545454545,0.23529411764705882,0.23514644207553212,0.000918468326408552,0.0001321047338139213,0.1,164850,150,123,42,909.0909090909091,,
lora_best,fixed_threshold,0.13527507598423305,0.13926455997979106,0.9440792470156107,0.38,0.11515151515151516,0.17674418604651163,0.2087690764190741,0.000918468326408552,0.0001321047338139213,0.2,164969,31,146,19,187.87878787878788,,
lora_best,fixed_threshold,0.13527507598423305,0.13926455997979106,0.9440792470156107,0.0,0.0,0.0,0.0,0.000918468326408552,0.0001321047338139213,0.5,165000,0,165,0,0.0,,
