layer	module	module_path	a_key	b_key	a_rows	a_cols	b_rows	b_cols	rank_configured	alpha	scale_alpha_over_r	sigma_1	sigma_2	sigma_3	sigma_4	sigma_2_over_sigma_1	sigma_3_over_sigma_1	sigma_4_over_sigma_1	condition_number_sigma1_over_sigma4	numerical_rank_fp32	numerical_rank_fp64	numerical_rank_tolerance_fp32	numerical_rank_tolerance_fp64	entropy_effective_rank	entropy_effective_rank_fraction_of_4	stable_rank	stable_rank_fraction_of_4	frobenius_norm_delta_w	spectral_norm_delta_w	nuclear_norm_delta_w
0	K	attention.self.key	esm.encoder.layer.0.attention.self.key.lora_A.weight	esm.encoder.layer.0.attention.self.key.lora_B.weight	4	768	768	4	4	8	2	0.284615767717	0.200505978347	0.0940954753238	0.0769912424816	0.704479516208	0.330605279105	0.270509406767	3.69672911546	4	4	2.60573517808e-05	4.85355998962e-14	3.50602538437	0.876506346092	1.67876657848	0.419691644619	0.36876875204	0.284615767717	0.656208463869
0	O	attention.output.dense	esm.encoder.layer.0.attention.output.dense.lora_A.weight	esm.encoder.layer.0.attention.output.dense.lora_B.weight	4	768	768	4	4	8	2	0.304858030965	0.165143152557	0.0941537302734	0.0546481270904	0.541705107897	0.308844513544	0.179257626632	5.5785632042	4	4	2.7910586331e-05	5.19875182417e-14	3.32715195637	0.831787989091	1.42096265417	0.355240663543	0.363403388261	0.304858030965	0.618803040886
0	Q	attention.self.query	esm.encoder.layer.0.attention.self.query.lora_A.weight	esm.encoder.layer.0.attention.self.query.lora_B.weight	4	768	768	4	4	8	2	0.366501204949	0.162381215965	0.0488154273979	0.0267523440207	0.443057795643	0.133193088423	0.0729938773991	13.6997791545	4	4	3.35541874648e-05	6.24995445178e-14	2.71192500659	0.677981251649	1.21936871522	0.304842178805	0.404709063885	0.366501204949	0.604450192333
0	V	attention.self.value	esm.encoder.layer.0.attention.self.value.lora_A.weight	esm.encoder.layer.0.attention.self.value.lora_B.weight	4	768	768	4	4	8	2	0.380389700622	0.107564305817	0.0222916971068	0.0135310473106	0.282773970066	0.0586022625489	0.0355715396302	28.1123620286	4	4	3.48257172201e-05	6.48679532484e-14	2.19502112038	0.548755280096	1.08466067775	0.271165169439	0.396164628944	0.380389700622	0.523776750857
1	K	attention.self.key	esm.encoder.layer.1.attention.self.key.lora_A.weight	esm.encoder.layer.1.attention.self.key.lora_B.weight	4	768	768	4	4	8	2	0.3770888094	0.133802960783	0.0937773927734	0.0728569040648	0.354831428161	0.248687816864	0.193208873477	5.17574572019	4	4	3.45235116028e-05	6.43050514213e-14	3.18986226809	0.797465567021	1.22508064146	0.306270160364	0.417374568409	0.3770888094	0.677526067021
1	O	attention.output.dense	esm.encoder.layer.1.attention.output.dense.lora_A.weight	esm.encoder.layer.1.attention.output.dense.lora_B.weight	4	768	768	4	4	8	2	0.565993419131	0.0668079817552	0.0373016639116	0.0217522207132	0.118036675864	0.0659047661171	0.0384319322062	26.0200292464	4	4	5.18182451597e-05	9.65190029883e-14	1.92747897042	0.481869742604	1.01975310846	0.254938277115	0.571556147865	0.565993419131	0.691855285511
1	Q	attention.self.query	esm.encoder.layer.1.attention.self.query.lora_A.weight	esm.encoder.layer.1.attention.self.query.lora_B.weight	4	768	768	4	4	8	2	0.382359435936	0.14418327829	0.028066936394	0.0222242133491	0.377088322501	0.0734045867741	0.0581238783729	17.2046330698	4	4	3.5006051874e-05	6.52038527169e-14	2.4391971188	0.6097992797	1.15096222156	0.287740555391	0.410206319509	0.382359435936	0.576833863969
1	V	attention.self.value	esm.encoder.layer.1.attention.self.value.lora_A.weight	esm.encoder.layer.1.attention.self.value.lora_B.weight	4	768	768	4	4	8	2	0.5488566716	0.0539577451801	0.0279986766427	0.0157105429392	0.0983093546496	0.0510127289899	0.0286241267569	34.9355635717	4	4	5.0249329065e-05	9.3596669035e-14	1.77283829015	0.443209572539	1.01308636836	0.253271592091	0.552436268974	0.5488566716	0.646523636362
2	K	attention.self.key	esm.encoder.layer.2.attention.self.key.lora_A.weight	esm.encoder.layer.2.attention.self.key.lora_B.weight	4	768	768	4	4	8	2	0.544609619316	0.267988898646	0.0575281368367	0.0431695601361	0.492075220747	0.105631877948	0.0792669806133	12.615593432	4	4	4.98604998153e-05	9.28724181192e-14	2.6817727103	0.670443177575	1.25957937073	0.314894842682	0.611220733204	0.544609619316	0.913296214934
2	O	attention.output.dense	esm.encoder.layer.2.attention.output.dense.lora_A.weight	esm.encoder.layer.2.attention.output.dense.lora_B.weight	4	768	768	4	4	8	2	0.60901785603	0.0496837389379	0.0383584001184	0.0309785932431	0.0815801022022	0.0629840319764	0.0508664777827	19.6593128439	4	4	5.57572500028e-05	1.03855971252e-13	1.86255483904	0.465638709761	1.01320969992	0.25330242498	0.613027130703	0.60901785603	0.72803858833
2	Q	attention.self.query	esm.encoder.layer.2.attention.self.query.lora_A.weight	esm.encoder.layer.2.attention.self.query.lora_B.weight	4	768	768	4	4	8	2	0.79452498277	0.0924653548826	0.0346184799476	0.018424481269	0.116378159136	0.0435712919018	0.0231893038841	43.1233298333	4	4	7.27409347018e-05	1.35490549173e-13	1.76633983409	0.441584958522	1.01598007722	0.253995019304	0.800848107173	0.79452498277	0.940033298869
2	V	attention.self.value	esm.encoder.layer.2.attention.self.value.lora_A.weight	esm.encoder.layer.2.attention.self.value.lora_B.weight	4	768	768	4	4	8	2	0.50400294486	0.0466011540991	0.0300623101164	0.0157737287872	0.0924620670858	0.0596470921905	0.03129689806	31.9520483495	4	4	4.6142847735e-05	8.59477515053e-14	1.80064371271	0.450160928178	1.01308650528	0.253271626321	0.507290044255	0.50400294486	0.596440137863
3	K	attention.self.key	esm.encoder.layer.3.attention.self.key.lora_A.weight	esm.encoder.layer.3.attention.self.key.lora_B.weight	4	768	768	4	4	8	2	0.564433455647	0.136900673729	0.0592208407719	0.0452314939353	0.242545285648	0.104920855026	0.0801360966165	12.4787710186	4	4	5.16754262372e-05	9.62529820152e-14	2.469574186	0.6173935465	1.07625839539	0.269064598848	0.585559490015	0.564433455647	0.805786464084
3	O	attention.output.dense	esm.encoder.layer.3.attention.output.dense.lora_A.weight	esm.encoder.layer.3.attention.output.dense.lora_B.weight	4	768	768	4	4	8	2	0.486156742589	0.0529901852144	0.0361602530946	0.0284290858692	0.108998149305	0.074379824297	0.0584772016486	17.1006814931	4	4	4.45089791189e-05	8.2904434053e-14	2.01470347905	0.503675869763	1.02083253793	0.255208134482	0.491194579491	0.486156742589	0.603736266767
3	Q	attention.self.query	esm.encoder.layer.3.attention.self.query.lora_A.weight	esm.encoder.layer.3.attention.self.query.lora_B.weight	4	768	768	4	4	8	2	0.685759089798	0.10337457937	0.0359428339155	0.0272214778112	0.15074474536	0.0524132081518	0.0396953948058	25.1918391263	4	4	6.27831197935e-05	1.16942673537e-13	1.96267472824	0.490668682059	1.02704684701	0.256761711753	0.6949710275	0.685759089798	0.852297980894
3	V	attention.self.value	esm.encoder.layer.3.attention.self.value.lora_A.weight	esm.encoder.layer.3.attention.self.value.lora_B.weight	4	768	768	4	4	8	2	0.428752311102	0.0252865083824	0.0204188084453	0.0163112009273	0.058976961121	0.0476237863133	0.0380434122568	26.2857598905	4	4	3.9253446451e-05	7.31152416225e-14	1.67573826741	0.418934566853	1.00719360818	0.251798402046	0.430291685715	0.428752311102	0.490768828857
4	K	attention.self.key	esm.encoder.layer.4.attention.self.key.lora_A.weight	esm.encoder.layer.4.attention.self.key.lora_B.weight	4	768	768	4	4	8	2	0.323500876126	0.240799003206	0.129049390196	0.0667104263177	0.744353480863	0.398915118072	0.206214051463	4.84933006702	4	4	2.9617389782e-05	5.51666874103e-14	3.46372016615	0.865930041536	1.75571961092	0.43892990273	0.428650210415	0.323500876126	0.760059695846
4	O	attention.output.dense	esm.encoder.layer.4.attention.output.dense.lora_A.weight	esm.encoder.layer.4.attention.output.dense.lora_B.weight	4	768	768	4	4	8	2	0.44283227671	0.0686710218099	0.0605883713433	0.0287903444642	0.155072304847	0.136820133784	0.0650141057426	15.3812774717	4	4	4.05425058023e-05	7.55163017703e-14	2.33902935506	0.584757338764	1.04699400268	0.261748500671	0.453118052177	0.44283227671	0.600882014327
4	Q	attention.self.query	esm.encoder.layer.4.attention.self.query.lora_A.weight	esm.encoder.layer.4.attention.self.query.lora_B.weight	4	768	768	4	4	8	2	0.616421527603	0.141251974886	0.0327331540101	0.0204946621265	0.229148348266	0.0531018995027	0.0332478039925	30.0771744271	4	4	5.64350763796e-05	1.05118521265e-13	2.08629577203	0.521573943007	1.05643419371	0.264108548429	0.633576444202	0.616421527603	0.810901318625
4	V	attention.self.value	esm.encoder.layer.4.attention.self.value.lora_A.weight	esm.encoder.layer.4.attention.self.value.lora_B.weight	4	768	768	4	4	8	2	0.374013157638	0.0410862258096	0.0242473571859	0.0203298890028	0.109852354043	0.0648302250622	0.054356079693	18.3972060834	4	4	3.4241927274e-05	6.37805597373e-14	1.96748514224	0.491871285561	1.01922508117	0.254806270292	0.377591258844	0.374013157638	0.459676629637
5	K	attention.self.key	esm.encoder.layer.5.attention.self.key.lora_A.weight	esm.encoder.layer.5.attention.self.key.lora_B.weight	4	768	768	4	4	8	2	0.295540239658	0.208587239712	0.0881478082511	0.074483329781	0.705782873945	0.298259920047	0.252024326255	3.96787093873	4	4	2.70575170585e-05	5.03985528993e-14	3.44364516578	0.860911291444	1.65060470609	0.412651176521	0.379697869816	0.295540239658	0.666758617402
5	O	attention.output.dense	esm.encoder.layer.5.attention.output.dense.lora_A.weight	esm.encoder.layer.5.attention.output.dense.lora_B.weight	4	768	768	4	4	8	2	0.429679265295	0.0494926047922	0.0274535636119	0.0200318245827	0.115184996786	0.0638931543346	0.0466204124813	21.4498316676	4	4	3.9338311642e-05	7.3273315359e-14	1.9476008388	0.486900209699	1.01952338152	0.254880845379	0.433853386647	0.429679265295	0.526657258282
5	Q	attention.self.query	esm.encoder.layer.5.attention.self.query.lora_A.weight	esm.encoder.layer.5.attention.self.query.lora_B.weight	4	768	768	4	4	8	2	0.359738471019	0.182435566499	0.0765544096821	0.0447262908541	0.507133879738	0.212805734859	0.12433001877	8.0431098611	4	4	3.29350406817e-05	6.13462937654e-14	3.05837030139	0.764592575347	1.31792900633	0.329482251584	0.412983682717	0.359738471019	0.663454738054
5	V	attention.self.value	esm.encoder.layer.5.attention.self.value.lora_A.weight	esm.encoder.layer.5.attention.self.value.lora_B.weight	4	768	768	4	4	8	2	0.382404803564	0.0431043269103	0.0225651044043	0.0150520595782	0.112719104228	0.0590084229958	0.0393615860417	25.4054803315	4	4	3.50102054044e-05	6.52115892701e-14	1.89215140274	0.473037850684	1.0177369249	0.254434231225	0.385781240111	0.382404803564	0.463126294457
6	K	attention.self.key	esm.encoder.layer.6.attention.self.key.lora_A.weight	esm.encoder.layer.6.attention.self.key.lora_B.weight	4	768	768	4	4	8	2	0.416625819743	0.16279018613	0.0631775798259	0.0547631358111	0.390734751463	0.151641057352	0.131444411786	7.60777872874	4	4	3.81432330087e-05	7.10473079396e-14	2.90000522568	0.725001306419	1.19294628967	0.298236572416	0.455047388756	0.416625819743	0.697356721511
6	O	attention.output.dense	esm.encoder.layer.6.attention.output.dense.lora_A.weight	esm.encoder.layer.6.attention.output.dense.lora_B.weight	4	768	768	4	4	8	2	0.425054979102	0.046570017462	0.0331875291834	0.0275114323476	0.109562338407	0.0780782035621	0.0647244090769	15.4501217433	4	4	3.89149455965e-05	7.24847346479e-14	2.05227894991	0.513069737477	1.022289361	0.25557234025	0.429765974443	0.425054979102	0.532323958095
6	Q	attention.self.query	esm.encoder.layer.6.attention.self.query.lora_A.weight	esm.encoder.layer.6.attention.self.query.lora_B.weight	4	768	768	4	4	8	2	0.528455935909	0.143666241949	0.0472871109824	0.0306464691768	0.271860399679	0.0894816535669	0.0579924778856	17.2436156629	4	4	4.83815859292e-05	9.01177263431e-14	2.38256952973	0.595642382431	1.08527817073	0.271319542682	0.550527875962	0.528455935909	0.750055758018
6	V	attention.self.value	esm.encoder.layer.6.attention.self.value.lora_A.weight	esm.encoder.layer.6.attention.self.value.lora_B.weight	4	768	768	4	4	8	2	0.379929329401	0.0378070136223	0.032077167154	0.0229651196439	0.0995106476299	0.0844292995347	0.0604457667958	16.5437557171	4	4	3.4783568976e-05	6.4789446026e-14	2.0282591179	0.507064779475	1.02068436634	0.255171091584	0.383838516816	0.379929329401	0.472778629822
7	K	attention.self.key	esm.encoder.layer.7.attention.self.key.lora_A.weight	esm.encoder.layer.7.attention.self.key.lora_B.weight	4	768	768	4	4	8	2	0.486944653447	0.0820531051806	0.0628071554863	0.0326920153893	0.168506019318	0.128982123619	0.0671370250354	14.8949108107	4	4	4.45811145124e-05	8.30387966938e-14	2.35664772885	0.589161932212	1.04953804689	0.262384511723	0.498860014674	0.486944653447	0.664496929503
7	O	attention.output.dense	esm.encoder.layer.7.attention.output.dense.lora_A.weight	esm.encoder.layer.7.attention.output.dense.lora_B.weight	4	768	768	4	4	8	2	0.530806661602	0.046754728364	0.0250441194101	0.0193998268034	0.0880824069218	0.0471812454925	0.0365478209051	27.3614123971	4	4	4.85968012941e-05	9.05185961986e-14	1.7635585455	0.440889636375	1.01132032355	0.252830080887	0.533802658126	0.530806661602	0.622005336179
7	Q	attention.self.query	esm.encoder.layer.7.attention.self.query.lora_A.weight	esm.encoder.layer.7.attention.self.query.lora_B.weight	4	768	768	4	4	8	2	0.518882558921	0.0318617332107	0.0287235980804	0.0230466457582	0.061404517579	0.0553566459049	0.0444159190976	22.5144502313	4	4	4.75051170887e-05	8.8485175909e-14	1.74032098251	0.435080245628	1.00880764689	0.252201911724	0.521162616621	0.518882558921	0.60251453597
7	V	attention.self.value	esm.encoder.layer.7.attention.self.value.lora_A.weight	esm.encoder.layer.7.attention.self.value.lora_B.weight	4	768	768	4	4	8	2	0.542211261855	0.0377026277829	0.0233532180689	0.0165332085393	0.0695349404104	0.0430703301681	0.0304921894886	32.7952835389	4	4	4.96409236317e-05	9.2463425606e-14	1.66115057828	0.41528764457	1.0076199349	0.251904983725	0.544273148706	0.542211261855	0.619800316246
8	K	attention.self.key	esm.encoder.layer.8.attention.self.key.lora_A.weight	esm.encoder.layer.8.attention.self.key.lora_B.weight	4	768	768	4	4	8	2	0.368047379996	0.227936217342	0.0799003263095	0.053137485928	0.619312158518	0.217092501271	0.14437675369	6.92632279394	4	4	3.36957440181e-05	6.27632141451e-14	3.13231026101	0.783077565252	1.4515213508	0.362880337701	0.443420170552	0.368047379996	0.729021409575
8	O	attention.output.dense	esm.encoder.layer.8.attention.output.dense.lora_A.weight	esm.encoder.layer.8.attention.output.dense.lora_B.weight	4	768	768	4	4	8	2	0.473016791956	0.0331059140601	0.0206581405961	0.0184414605799	0.0699888769767	0.0436731654086	0.0389869046797	25.649638211	4	4	4.33059807089e-05	8.06636749001e-14	1.70219288341	0.425548220852	1.00832576701	0.252081441753	0.474981824136	0.473016791956	0.545222307193
8	Q	attention.self.query	esm.encoder.layer.8.attention.self.query.lora_A.weight	esm.encoder.layer.8.attention.self.query.lora_B.weight	4	768	768	4	4	8	2	0.548648679783	0.0780107517467	0.0387837139573	0.0351144083216	0.142187076396	0.070689523891	0.0640016272991	15.6246027203	4	4	5.02302868454e-05	9.35612001371e-14	2.10873469575	0.527183673937	1.02931038178	0.257327595445	0.556631160964	0.548648679783	0.700557553809
8	V	attention.self.value	esm.encoder.layer.8.attention.self.value.lora_A.weight	esm.encoder.layer.8.attention.self.value.lora_B.weight	4	768	768	4	4	8	2	0.443758244442	0.0344456018693	0.0164215902533	0.00972413780826	0.0776224493872	0.0370057130408	0.0219131428656	45.6347136571	4	4	4.06272806801e-05	7.56742072852e-14	1.62182895925	0.405457239812	1.00787485328	0.251968713319	0.445502083587	0.443758244442	0.504349574373
9	K	attention.self.key	esm.encoder.layer.9.attention.self.key.lora_A.weight	esm.encoder.layer.9.attention.self.key.lora_B.weight	4	768	768	4	4	8	2	0.59422736378	0.216823042621	0.116391920306	0.0590974903525	0.364882292263	0.195871020759	0.0994526572735	10.0550355055	4	4	5.44031399945e-05	1.01333744814e-13	2.88384912406	0.720962281015	1.18139537502	0.295348843755	0.645877685134	0.59422736378	0.98653981706
9	O	attention.output.dense	esm.encoder.layer.9.attention.output.dense.lora_A.weight	esm.encoder.layer.9.attention.output.dense.lora_B.weight	4	768	768	4	4	8	2	0.537918299298	0.0465754585751	0.0301495093057	0.0234656537595	0.0865846330864	0.0560484916484	0.043623081405	22.9236442679	4	4	4.92478911711e-05	9.17313455996e-14	1.82341428442	0.455853571104	1.01254130533	0.253135326334	0.541280888152	0.537918299298	0.638108920938
9	Q	attention.self.query	esm.encoder.layer.9.attention.self.query.lora_A.weight	esm.encoder.layer.9.attention.self.query.lora_B.weight	4	768	768	4	4	8	2	0.809804759141	0.0372225519227	0.035484067894	0.0232778797191	0.0459648470851	0.0438180530473	0.0287450517626	34.7885962515	4	4	7.41398400092e-05	1.38096213358e-13	1.57195271081	0.392988177703	1.00485906694	0.251214766735	0.811769822707	0.809804759141	0.905789258677
9	V	attention.self.value	esm.encoder.layer.9.attention.self.value.lora_A.weight	esm.encoder.layer.9.attention.self.value.lora_B.weight	4	768	768	4	4	8	2	0.456463081111	0.0269633999615	0.0220603696437	0.0168429952276	0.0590702755102	0.0483289241925	0.0368989211276	27.1010633764	4	4	4.1790443217e-05	7.78407663423e-14	1.67395085293	0.418487713231	1.00718651274	0.251796628186	0.458100333717	0.456463081111	0.522329845944
10	K	attention.self.key	esm.encoder.layer.10.attention.self.key.lora_A.weight	esm.encoder.layer.10.attention.self.key.lora_B.weight	4	768	768	4	4	8	2	0.393307334879	0.219113307458	0.111195013676	0.10568447638	0.557104554192	0.28271787433	0.268707107668	3.7215241855	4	4	3.6008361958e-05	6.70708007327e-14	3.44669407804	0.861673519509	1.46249839048	0.365624597619	0.475641504486	0.393307334879	0.829300132393
10	O	attention.output.dense	esm.encoder.layer.10.attention.output.dense.lora_A.weight	esm.encoder.layer.10.attention.output.dense.lora_B.weight	4	768	768	4	4	8	2	0.523104360155	0.0424206124184	0.0319045548741	0.0257773205194	0.081093975982	0.0609908028003	0.0492775868122	20.2932015281	4	4	4.78916345356e-05	8.92051207565e-14	1.84743705609	0.461859264022	1.01272439153	0.253181097882	0.526421932337	0.523104360155	0.623206847966
10	Q	attention.self.query	esm.encoder.layer.10.attention.self.query.lora_A.weight	esm.encoder.layer.10.attention.self.query.lora_B.weight	4	768	768	4	4	8	2	0.613000075961	0.164800472899	0.0476566135125	0.0271954656125	0.268842499963	0.0777432424259	0.0443645387317	22.5405251264	4	4	5.61218331263e-05	1.04535060239e-13	2.2842011196	0.571050279899	1.08028851383	0.270072128457	0.637133451607	0.613000075961	0.852652627985
10	V	attention.self.value	esm.encoder.layer.10.attention.self.value.lora_A.weight	esm.encoder.layer.10.attention.self.value.lora_B.weight	4	768	768	4	4	8	2	0.416738554988	0.0503923222345	0.0268144177633	0.0182882429953	0.120920710674	0.0643435013208	0.0438842117591	22.7872385059	4	4	3.81535542286e-05	7.10665327099e-14	1.95304278262	0.488260695654	1.02068772847	0.255171932118	0.421027175115	0.416738554988	0.512233537981
11	K	attention.self.key	esm.encoder.layer.11.attention.self.key.lora_A.weight	esm.encoder.layer.11.attention.self.key.lora_B.weight	4	768	768	4	4	8	2	0.629631216366	0.316186247053	0.239318624953	0.121006482842	0.502176891543	0.380093328812	0.192186282536	5.20328499414	4	4	5.76444595062e-05	1.07371172879e-13	3.40920885715	0.852302214287	1.4335881362	0.358397034051	0.753873453961	0.629631216366	1.30614257121
11	O	attention.output.dense	esm.encoder.layer.11.attention.output.dense.lora_A.weight	esm.encoder.layer.11.attention.output.dense.lora_B.weight	4	768	768	4	4	8	2	1.7004459399	0.177987271256	0.0456274790901	0.0291196924509	0.104670937828	0.0268326549051	0.0171247387333	58.3950514852	4	4	0.000155680475455	2.89977482436e-13	1.6313297423	0.407832435576	1.01196925327	0.252992313318	1.71059220348	1.7004459399	1.9531803827
11	Q	attention.self.query	esm.encoder.layer.11.attention.self.query.lora_A.weight	esm.encoder.layer.11.attention.self.query.lora_B.weight	4	768	768	4	4	8	2	1.5024400006	0.0489766399665	0.0155232070608	0.0143370313527	0.0325980671089	0.0103319979864	0.00954249843391	104.794358304	4	4	0.000137552490289	2.56211478801e-13	1.27665590821	0.319163977053	1.00126044344	0.250315110859	1.50338657273	1.5024400006	1.58127687898
11	V	attention.self.value	esm.encoder.layer.11.attention.self.value.lora_A.weight	esm.encoder.layer.11.attention.self.value.lora_B.weight	4	768	768	4	4	8	2	0.552613121063	0.0535640827897	0.0332827853563	0.0228351519819	0.0969287205607	0.0602280041638	0.0413221313638	24.2001069886	4	4	5.05932422848e-05	9.42372573256e-14	1.86052082764	0.465130206909	1.0147301079	0.253682526974	0.556668267914	0.552613121063	0.662295141191
